scenario,path_shape,repeat,requested_speed_m_s,progress_start_m,progress_end_m,required_height_m,tangent_speed_mean_m_s,speed_error_mean_m_s,schedule_error_mean_m,samples,duty_factor_mean,flight_fraction,duty_factor_fl,duty_factor_fr,duty_factor_hl,duty_factor_hr,diagonal_contact_correlation,ipsilateral_contact_correlation
0,procedural,0,0.3499999940395355,0.0,0.4,0.29319998621940613,0.3575195315209302,0.007519537481394681,-0.0064545341161165275,55,0.5818181818181818,0.0,0.5818181818181818,0.43636363636363634,0.6545454545454545,0.6545454545454545,0.2838014472814576,-0.33466127018464653
0,procedural,0,0.3499999940395355,0.4,0.8,0.29319998621940613,0.35866456467007835,0.008664570630542816,-0.02612696116311232,63,0.6746031746031746,0.0,0.7301587301587301,0.5396825396825397,0.746031746031746,0.6825396825396826,0.3847776980844741,-0.24595275095398988
0,procedural,0,0.3499999940395355,0.8,1.2000000000000002,0.29319998621940613,0.5323081424361781,0.18230814839664258,0.03923679743001298,38,0.5460526315789473,0.0,0.5263157894736842,0.5,0.6578947368421053,0.5,0.72672212927966,-0.6286108827981909
0,procedural,0,0.3499999940395355,1.2000000000000002,1.6,0.28178603358046955,0.4935967665772105,0.14359677253767503,0.19448822129881607,43,0.6511627906976745,0.0,0.6976744186046512,0.4418604651162791,0.627906976744186,0.8372093023255814,0.5603770620341098,-0.34403006878786346
0,procedural,0,0.3499999940395355,1.6,2.0,0.1704999953508377,0.45202922922643746,0.10202923518690196,0.3037726432139216,44,0.7784090909090909,0.0,0.8181818181818182,0.6590909090909091,0.75,0.8863636363636364,0.5026604226681102,-0.26483931414410555
0,procedural,0,0.3499999940395355,2.0,2.4000000000000004,0.1704999953508377,0.300824503103892,-0.049175490935643516,0.28846944350726617,66,0.8787878787878788,0.0,0.9242424242424242,0.803030303030303,0.7878787878787878,1.0,0.6749204633585781,-0.14855334341100396
0,procedural,0,0.3499999940395355,2.4000000000000004,2.8000000000000003,0.1704999953508377,0.2787928979214228,-0.07120709611811268,0.1841121616900797,71,0.8345070422535211,0.0,0.9154929577464789,0.7605633802816901,0.7605633802816901,0.9014084507042254,0.2639922245380363,-0.1780151993253446
0,procedural,0,0.3499999940395355,2.8000000000000003,3.2,0.1704999953508377,0.45989538525993173,0.10989539122039621,0.21313565391301995,44,0.7556818181818182,0.0,0.7045454545454546,0.8181818181818182,0.6363636363636364,0.8636363636363636,0.5460325622022636,-0.33841935028055636
0,procedural,0,0.3499999940395355,3.2,3.6,0.1704999953508377,0.2341790553949335,-0.11582093864460202,0.20576372316304248,85,0.8823529411764706,0.0,0.9294117647058824,0.9058823529411765,0.8470588235294118,0.8470588235294118,0.46401510220091147,-0.1270332143786537
0,procedural,0,0.3499999940395355,3.6,4.0,0.1704999953508377,0.23723199857900348,-0.11276799546053204,-0.010731558171603804,52,0.8990384615384616,0.0,0.9615384615384616,0.8076923076923077,1.0,0.8269230769230769,0.43716256828679984,-0.22323504886820367
1,procedural,1,0.3499999940395355,0.0,0.4,0.29319998621940613,0.4501838003001783,0.1001838062606428,0.04771738859946306,46,0.6195652173913043,0.021739130434782608,0.7608695652173914,0.3695652173913043,0.5434782608695652,0.8043478260869565,0.39100982857324484,-0.13607725245872057
1,procedural,1,0.3499999940395355,0.4,0.8,0.29319998621940613,0.35202074260042426,0.0020207485608887254,0.11007021057605723,57,0.6666666666666666,0.017543859649122806,0.631578947368421,0.543859649122807,0.7894736842105263,0.7017543859649122,0.3803711578017382,-0.18163862471400086
1,procedural,1,0.3499999940395355,0.8,1.2000000000000002,0.29319998621940613,0.4638910147954117,0.11389102075587619,0.08940909932418267,44,0.6363636363636364,0.0,0.6363636363636364,0.5,0.8181818181818182,0.5909090909090909,0.48689429282687097,-0.31684921033125685
1,procedural,1,0.3499999940395355,1.2000000000000002,1.6,0.279256805438887,0.4830905114385215,0.13309051739898595,0.26868164976618464,44,0.7045454545454546,0.0,0.7727272727272727,0.4090909090909091,0.7727272727272727,0.8636363636363636,0.3549204488747547,-0.3184931071492289
1,procedural,1,0.3499999940395355,1.6,2.0,0.1704999953508377,0.26314643216564465,-0.08685356187389086,0.26102622679346416,76,0.8552631578947368,0.0,0.868421052631579,0.8157894736842105,0.8552631578947368,0.881578947368421,0.3010494794845602,-0.11182780224168544
1,procedural,1,0.3499999940395355,2.0,2.4000000000000004,0.1704999953508377,0.29590218273155827,-0.05409781130797723,0.11532370419011324,68,0.8419117647058824,0.0,0.9705882352941176,0.7647058823529411,0.7941176470588235,0.8382352941176471,0.5713554153067015,-0.16615725802159126
1,procedural,1,0.3499999940395355,2.4000000000000004,2.8000000000000003,0.1704999953508377,0.2972836808037402,-0.05271631323579532,0.050865539963564584,67,0.8694029850746269,0.0,0.9402985074626866,0.7910447761194029,0.8208955223880597,0.9253731343283582,0.6104806692700442,-0.1318258607151173
1,procedural,1,0.3499999940395355,2.8000000000000003,3.2,0.1704999953508377,0.30955279211048037,-0.040447201929055154,-0.037625355005265426,64,0.84765625,0.0,0.9375,0.859375,0.75,0.84375,0.3687468878733712,-0.1615744272278419
1,procedural,1,0.3499999940395355,3.2,3.6,0.1704999953508377,0.4129829692597292,0.06298297522019367,-0.01204157457059885,49,0.8163265306122449,0.0,0.9795918367346939,0.8571428571428571,0.6122448979591837,0.8163265306122449,0.22226192817721604,-0.15425812012222817
1,procedural,1,0.3499999940395355,3.6,4.0,0.1704999953508377,0.43130298113000803,0.08130298709047251,0.0376889201731505,29,0.8103448275862069,0.0,0.9655172413793104,0.896551724137931,0.7586206896551724,0.6206896551724138,0.42197034040205456,-0.18607143022485123
2,procedural,0,0.3499999940395355,0.0,0.4,0.1704999953508377,0.42841958789073903,0.0784195938512035,-0.012282599207499823,46,0.6032608695652174,0.13043478260869565,0.717391304347826,0.5652173913043478,0.5217391304347826,0.6086956521739131,0.43767797057798624,0.04563392177342228
2,procedural,0,0.3499999940395355,0.4,0.8,0.1704999953508377,0.42828196228719223,0.07828196824765672,0.11476472311393868,51,0.803921568627451,0.0,0.9019607843137255,0.8823529411764706,0.7254901960784313,0.7058823529411765,0.407471768850969,-0.21925143173373124
2,procedural,0,0.3499999940395355,0.8,1.2000000000000002,0.1704999953508377,0.5302480757236481,0.18024808168411255,0.20689183217448123,37,0.7162162162162162,0.0,0.6756756756756757,0.6486486486486487,0.5675675675675675,0.972972972972973,0.5418668549321731,-0.36370325109021384
2,procedural,0,0.3499999940395355,1.2000000000000002,1.6,0.17816874478012323,0.41114725327740115,0.061147259237865605,0.3166664909819758,48,0.6614583333333334,0.0,0.7916666666666666,0.4375,0.6041666666666666,0.8125,0.6279990837938147,-0.3199203067777934
2,procedural,0,0.3499999940395355,1.6,2.0,0.29319998621940613,0.2128592866789946,-0.13714070736054093,0.21113820504508057,94,0.7473404255319149,0.0,0.7021276595744681,0.6170212765957447,0.8191489361702128,0.851063829787234,0.3991297867710281,-0.2568579595072538
2,procedural,0,0.3499999940395355,2.0,2.4000000000000004,0.29319998621940613,0.25796795903164665,-0.09203203500788888,0.03935774814346606,81,0.6882716049382716,0.0,0.7777777777777778,0.5185185185185185,0.6790123456790124,0.7777777777777778,0.24294445316238744,-0.28853922476278165
2,procedural,0,0.3499999940395355,2.4000000000000004,2.8000000000000003,0.29319998621940613,0.36051784003419535,0.010517845994659833,-0.05792907874073424,56,0.7008928571428571,0.0,0.75,0.5535714285714286,0.6607142857142857,0.8392857142857143,0.40164341141211035,-0.26199344099605987
2,procedural,0,0.3499999940395355,2.8000000000000003,3.2,0.29319998621940613,0.2793389940765542,-0.07066099996298132,-0.12585986733772497,71,0.75,0.014084507042253521,0.676056338028169,0.704225352112676,0.7605633802816901,0.8591549295774648,0.5232471943896784,-0.16615315567475053
2,procedural,0,0.3499999940395355,3.2,3.6,0.29319998621940613,0.36138716864365117,0.011387174604115662,-0.14016766202229186,54,0.7546296296296297,0.0,0.6851851851851852,0.6666666666666666,0.7962962962962963,0.8703703703703703,0.2480120703468386,-0.24938583892360322
2,procedural,0,0.3499999940395355,3.6,4.0,0.29319998621940613,0.44678027076380594,0.0967802767242704,-0.12764364718539514,28,0.6696428571428571,0.0,0.5714285714285714,0.6071428571428571,0.8571428571428571,0.6428571428571429,0.6087830828636225,-0.3734390122838074
3,procedural,1,0.3499999940395355,0.0,0.4,0.1704999953508377,0.463059736105303,0.11305974206576745,-0.0036666661892086985,48,0.6145833333333334,0.125,0.7083333333333334,0.5625,0.5416666666666666,0.6458333333333334,0.47388113235845875,0.0933421272814651
3,procedural,1,0.3499999940395355,0.4,0.8,0.1704999953508377,0.4856524801835781,0.1356524861440426,0.1513171085148321,41,0.7804878048780488,0.0,0.926829268292683,0.8780487804878049,0.6829268292682927,0.6341463414634146,0.45843176251207574,-0.15988871396376683
3,procedural,1,0.3499999940395355,0.8,1.2000000000000002,0.1704999953508377,0.5334633824072386,0.1834633883677031,0.25381579033638274,38,0.7763157894736842,0.0,0.9210526315789473,0.7105263157894737,0.6052631578947368,0.868421052631579,0.3382068060763754,-0.2424425596858536
3,procedural,1,0.3499999940395355,1.2000000000000002,1.6,0.18308460979889601,0.5017520005886371,0.15175200654910162,0.407743435926926,39,0.6858974358974359,0.0,0.6153846153846154,0.5128205128205128,0.7948717948717948,0.8205128205128205,0.28172761839673455,-0.42873711383575563
3,procedural,1,0.3499999940395355,1.6,2.0,0.29319998621940613,0.2979893417590681,-0.0520106522804674,0.45585284402440523,68,0.7573529411764706,0.0,0.6911764705882353,0.6764705882352942,0.8382352941176471,0.8235294117647058,0.49407755930759967,-0.3068874736786257
3,procedural,1,0.3499999940395355,2.0,2.4000000000000004,0.29319998621940613,0.2319054902899404,-0.11809450374959513,0.27519784913367923,86,0.7238372093023255,0.0,0.7790697674418605,0.627906976744186,0.6976744186046512,0.7906976744186046,0.45998322445955386,-0.2846039835008899
3,procedural,1,0.3499999940395355,2.4000000000000004,2.8000000000000003,0.29319998621940613,0.2922754510141471,-0.05772454302538844,0.12079400707342959,68,0.7022058823529411,0.0,0.6617647058823529,0.6911764705882353,0.6764705882352942,0.7794117647058824,0.39231452406888057,-0.15923780321259137
3,procedural,1,0.3499999940395355,2.8000000000000003,3.2,0.29319998621940613,0.2604550659705542,-0.08954492806898136,0.024657537024270898,76,0.75,0.013157894736842105,0.7763157894736842,0.6710526315789473,0.7105263157894737,0.8421052631578947,0.23491200004002136,-0.17646855012142001
3,procedural,1,0.3499999940395355,3.2,3.6,0.29319998621940613,0.34039455020831805,-0.00960544383121749,0.00798225380000294,59,0.6864406779661016,0.0,0.6440677966101694,0.5423728813559322,0.7796610169491526,0.7796610169491526,0.26591793389110757,-0.23156060961594227
3,procedural,1,0.3499999940395355,3.6,4.0,0.29319998621940613,0.35819876732097733,0.008198773281441795,-0.04238959862788663,36,0.6180555555555556,0.0,0.6666666666666666,0.4722222222222222,0.6944444444444444,0.6388888888888888,0.4168979177809563,-0.39419978298539243
4,procedural,0,0.44999998807907104,0.0,0.4,0.29319998621940613,0.4569523611239025,0.006952373044831412,-0.017833320609870536,42,0.6309523809523809,0.0,0.7142857142857143,0.47619047619047616,0.7142857142857143,0.6190476190476191,0.38053376477768897,-0.35670447436861175
4,procedural,0,0.44999998807907104,0.4,0.8,0.29319998621940613,0.5230670640634936,0.07306707598442255,0.0404418864721472,43,0.5988372093023255,0.0,0.46511627906976744,0.5348837209302325,0.813953488372093,0.5813953488372093,0.34313904374497484,-0.35579085100346053
4,procedural,0,0.44999998807907104,0.8,1.2000000000000002,0.29319998621940613,0.8471134066581726,0.39711341857910154,0.13979995346069274,25,0.48,0.0,0.48,0.36,0.68,0.4,0.6004511142055853,-0.5781372643156341
4,procedural,0,0.44999998807907104,1.2000000000000002,1.6,0.27832726005351904,0.6458942646330054,0.19589427655393427,0.30963620892437965,33,0.553030303030303,0.0,0.3939393939393939,0.45454545454545453,0.8181818181818182,0.5454545454545454,0.3340548300411501,-0.5093364806738323
4,procedural,0,0.44999998807907104,1.6,2.0,0.1704999953508377,0.42814680747687817,-0.02185318060219288,0.32066659029324757,48,0.75,0.020833333333333332,0.875,0.625,0.625,0.875,0.4857142857142857,-0.16265001215808889
4,procedural,0,0.44999998807907104,2.0,2.4000000000000004,0.1704999953508377,0.512415499259264,0.062415511180193,0.33461514613567145,39,0.8333333333333334,0.0,0.9487179487179487,0.7948717948717948,0.6153846153846154,0.9743589743589743,0.30242987440088187,-0.13310610993324246
4,procedural,0,0.44999998807907104,2.4000000000000004,2.8000000000000003,0.1704999953508377,0.4860646830099385,0.036064694930867454,0.34609708000973793,41,0.7804878048780488,0.0,0.7804878048780488,0.8536585365853658,0.5609756097560976,0.926829268292683,0.15950767158757911,-0.29274622088891994
4,procedural,0,0.44999998807907104,2.8000000000000003,3.2,0.1704999953508377,0.5493478443887498,0.09934785630967882,0.4146103924247942,36,0.7916666666666666,0.0,0.7777777777777778,0.8611111111111112,0.6944444444444444,0.8333333333333334,0.5417703966771806,-0.2670837030989711
4,procedural,0,0.44999998807907104,3.2,3.6,0.1704999953508377,0.22085528741181307,-0.22914470066725798,0.2992518142867854,91,0.8928571428571429,0.0,0.989010989010989,0.8241758241758241,0.8351648351648352,0.9230769230769231,0.23230276195428887,-0.09008131195620891
4,procedural,0,0.44999998807907104,3.6,4.0,0.1704999953508377,0.30590868541380256,-0.1440913026652685,-0.021512953607049766,41,0.8475609756097561,0.0,0.975609756097561,0.7804878048780488,0.8780487804878049,0.7560975609756098,0.3064628589564597,-0.18006640671865806
5,procedural,1,0.44999998807907104,0.0,0.4,0.29319998621940613,0.4027875706834613,-0.04721241739560973,-0.049094335144983306,53,0.6226415094339622,0.0,0.6981132075471698,0.6037735849056604,0.6226415094339622,0.5660377358490566,0.2524563727478765,-0.331251902702828
5,procedural,1,0.44999998807907104,0.4,0.8,0.29319998621940613,0.4616610279137438,0.011661039834672754,-0.06686358775333966,44,0.6363636363636364,0.0,0.6363636363636364,0.4772727272727273,0.7727272727272727,0.6590909090909091,0.4767240028671298,-0.42895042391495475
5,procedural,1,0.44999998807907104,0.8,1.2000000000000002,0.29319998621940613,0.6128007471561432,0.16280075907707214,0.0011818409255050797,33,0.5909090909090909,0.0,0.5454545454545454,0.3939393939393939,0.7272727272727273,0.696969696969697,0.5418005607867782,-0.5534918719241664
5,procedural,1,0.44999998807907104,1.2000000000000002,1.6,0.2805068837157611,0.7149591887819355,0.26495920070286455,0.11641366914222892,29,0.5689655172413793,0.0,0.4827586206896552,0.5172413793103449,0.7241379310344828,0.5517241379310345,0.47733482673485395,-0.6854711804990193
5,procedural,1,0.44999998807907104,1.6,2.0,0.1704999953508377,0.651235181093216,0.2012351930141449,0.2664999211231859,30,0.7333333333333333,0.0,0.8666666666666667,0.6333333333333333,0.6666666666666666,0.7666666666666667,0.3682069275692966,-0.34855678539710444
5,procedural,1,0.44999998807907104,2.0,2.4000000000000004,0.1704999953508377,0.5383879746261396,0.08838798654706854,0.35776332921103315,38,0.7631578947368421,0.0,0.8157894736842105,0.8157894736842105,0.7631578947368421,0.6578947368421053,0.5330548156120299,-0.3036936583318808
5,procedural,1,0.44999998807907104,2.4000000000000004,2.8000000000000003,0.1704999953508377,0.4305801767369975,-0.019419811342073524,0.3918911595811,46,0.8369565217391305,0.0,1.0,0.717391304347826,0.6521739130434783,0.9782608695652174,0.7580697689987218,-0.0935639287022983
5,procedural,1,0.44999998807907104,2.8000000000000003,3.2,0.1704999953508377,0.4556260603395375,0.005626072260466489,0.35677237379550775,44,0.8181818181818182,0.0,0.9545454545454546,0.8181818181818182,0.5909090909090909,0.9090909090909091,0.43854361271829534,-0.1653197291503133
5,procedural,1,0.44999998807907104,3.2,3.6,0.1704999953508377,0.34475297300980007,-0.10524701506927095,0.3484302592236401,58,0.8405172413793104,0.0,0.8448275862068966,0.8793103448275862,0.7758620689655172,0.8620689655172413,0.4660708215126066,-0.18927096805347382
5,procedural,1,0.44999998807907104,3.6,4.0,0.1704999953508377,0.20195649937558613,-0.24804348870348492,0.06909762994187534,61,0.9016393442622951,0.0,0.9836065573770492,0.8360655737704918,0.9180327868852459,0.8688524590163934,0.5035457960440548,-0.10530644052708567
6,procedural,0,0.44999998807907104,0.0,0.4,0.1704999953508377,0.5029379877333457,0.05293799965427472,-0.0386922957782563,39,0.5576923076923077,0.15384615384615385,0.6666666666666666,0.5128205128205128,0.5384615384615384,0.5128205128205128,0.5774576307128086,0.04139657782215603
6,procedural,0,0.44999998807907104,0.4,0.8,0.1704999953508377,0.6913901971232507,0.2413902090441796,0.12561292436045954,31,0.6854838709677419,0.0,0.8387096774193549,0.6451612903225806,0.7741935483870968,0.4838709677419355,0.4009085442369091,-0.3664770264157871
6,procedural,0,0.44999998807907104,0.8,1.2000000000000002,0.1704999953508377,0.7412357947656086,0.2912358066865376,0.2627856549450325,28,0.5892857142857143,0.0,0.6785714285714286,0.5357142857142857,0.5714285714285714,0.5714285714285714,0.41363601381154746,-0.5515146850820632
6,procedural,0,0.44999998807907104,1.2000000000000002,1.6,0.18802856547491892,0.4980491208178656,0.048049132738794596,0.3620712872175937,42,0.6071428571428571,0.0,0.5238095238095238,0.42857142857142855,0.8095238095238095,0.6666666666666666,0.42915696790475544,-0.5277631298665675
6,procedural,0,0.44999998807907104,1.6,2.0,0.29319998621940613,0.37103679635614717,-0.07896319172292385,0.31883011695573826,53,0.6792452830188679,0.0,0.6981132075471698,0.6037735849056604,0.7169811320754716,0.6981132075471698,0.623093819528473,-0.4309196624142792
6,procedural,0,0.44999998807907104,2.0,2.4000000000000004,0.29319998621940613,0.35985446481832434,-0.09014552326074668,0.23335690518787797,56,0.7366071428571429,0.0,0.7142857142857143,0.5892857142857143,0.8571428571428571,0.7857142857142857,0.26093643319587123,-0.3470917868423403
6,procedural,0,0.44999998807907104,2.4000000000000004,2.8000000000000003,0.29319998621940613,0.37964087837147265,-0.07035910970759841,0.11518819860692155,53,0.6981132075471698,0.0,0.7169811320754716,0.5849056603773585,0.6981132075471698,0.7924528301886793,0.2792070564804786,-0.2836912271891745
6,procedural,0,0.44999998807907104,2.8000000000000003,3.2,0.29319998621940613,0.4979212127625942,0.04792122468352318,0.12849931693076896,40,0.675,0.0,0.575,0.775,0.7,0.65,0.38956260019814437,-0.3059863912852967
6,procedural,0,0.44999998807907104,3.2,3.6,0.29319998621940613,0.36099782310150286,-0.08900216497756817,0.0946101268088355,54,0.7037037037037037,0.0,0.7407407407407407,0.6481481481481481,0.5925925925925926,0.8333333333333334,0.43764244607858815,-0.3059654087460457
6,procedural,0,0.44999998807907104,3.6,4.0,0.29319998621940613,0.29473389615846235,-0.1552660919206087,-0.0013728627992253583,43,0.7325581395348837,0.0,0.8604651162790697,0.6744186046511628,0.5116279069767442,0.8837209302325582,0.38722850669077435,-0.25560050939258155
7,procedural,1,0.44999998807907104,0.0,0.4,0.1704999953508377,0.52518595475849,0.07518596667941893,-0.031499996919185036,40,0.525,0.175,0.625,0.45,0.525,0.5,0.76717525317969,-0.056714946882372844
7,procedural,1,0.44999998807907104,0.4,0.8,0.1704999953508377,0.6384157980642011,0.18841580998513005,0.12435487954847244,31,0.717741935483871,0.0,0.7419354838709677,0.7741935483870968,0.7741935483870968,0.5806451612903226,0.6228919230428261,-0.3887376204545724
7,procedural,1,0.44999998807907104,0.8,1.2000000000000002,0.1704999953508377,0.6619355294012255,0.2119355413221544,0.2582580763755301,31,0.6693548387096774,0.0,0.7419354838709677,0.4838709677419355,0.5806451612903226,0.8709677419354839,0.40787846566624447,-0.4493647351853519
7,procedural,1,0.44999998807907104,1.2000000000000002,1.6,0.18165453997525302,0.6001489866863597,0.1501489986072887,0.3452725825454242,33,0.6136363636363636,0.0,0.5151515151515151,0.5757575757575758,0.8484848484848485,0.5151515151515151,0.44283490418648486,-0.4986785779719891
7,procedural,1,0.44999998807907104,1.6,2.0,0.29319998621940613,0.3457471563347748,-0.10425283174429621,0.37678562189851406,56,0.6875,0.0,0.625,0.5714285714285714,0.8571428571428571,0.6964285714285714,0.3868648777890198,-0.35205594647092725
7,procedural,1,0.44999998807907104,2.0,2.4000000000000004,0.29319998621940613,0.34764138223796054,-0.10235860584111049,0.24036225216553,58,0.7543103448275862,0.0,0.7586206896551724,0.6724137931034483,0.7413793103448276,0.8448275862068966,0.3706824555271544,-0.2701388090582648
7,procedural,1,0.44999998807907104,2.4000000000000004,2.8000000000000003,0.29319998621940613,0.4271560805909177,-0.022843907488153337,0.1673190532035,47,0.7074468085106383,0.0,0.6808510638297872,0.7021276595744681,0.7021276595744681,0.7446808510638298,0.46393434323280847,-0.3104117079241657
7,procedural,1,0.44999998807907104,2.8000000000000003,3.2,0.29319998621940613,0.3699843210202676,-0.08001566705880342,0.11379594279659955,54,0.6759259259259259,0.0,0.7592592592592593,0.5740740740740741,0.5,0.8703703703703703,0.49460523690120367,-0.36112511247172996
7,procedural,1,0.44999998807907104,3.2,3.6,0.29319998621940613,0.44021158748202854,-0.009788400597042508,0.0786659295823818,45,0.6222222222222222,0.0,0.6444444444444445,0.4888888888888889,0.6222222222222222,0.7333333333333333,0.49194680991702966,-0.4037799815551368
7,procedural,1,0.44999998807907104,3.6,4.0,0.29319998621940613,0.3435025987656493,-0.10649738931342174,0.02165722102240265,38,0.6052631578947368,0.0,0.7105263157894737,0.47368421052631576,0.6052631578947368,0.631578947368421,0.5064245330528195,-0.38239203180705206
8,coherent_smooth,0,0.3499999940395355,0.0,0.4,0.29319998621940613,0.36170955987360615,0.011709565834070627,0.018423089745526054,52,0.6394230769230769,0.019230769230769232,0.6923076923076923,0.4230769230769231,0.7307692307692307,0.7115384615384616,0.3298846681813811,-0.22239551352273526
8,coherent_smooth,0,0.3499999940395355,0.4,0.8,0.29319998621940613,0.3408300980167874,-0.009169896022748139,-0.0015762044635872054,59,0.6991525423728814,0.0,0.6949152542372882,0.6440677966101694,0.7966101694915254,0.6610169491525424,0.35951086612920946,-0.3130691070799342
8,coherent_smooth,0,0.3499999940395355,0.8,1.2000000000000002,0.29319998621940613,0.3923813308087679,0.042381336769232385,-0.009346094961350158,52,0.6826923076923077,0.0,0.6346153846153846,0.6346153846153846,0.75,0.7115384615384616,0.5314748846083803,-0.41449394533687445
8,coherent_smooth,0,0.3499999940395355,1.2000000000000002,1.6,0.29319998621940613,0.5722445671757063,0.22224457313617071,0.11205566259887433,36,0.5902777777777778,0.0,0.5555555555555556,0.4722222222222222,0.5277777777777778,0.8055555555555556,0.5399368793801609,-0.4301560164068199
8,coherent_smooth,0,0.3499999940395355,1.6,2.0,0.1704999953508377,0.5570654641422961,0.20706547010276052,0.29672225314378686,36,0.7638888888888888,0.0,0.6944444444444444,0.7222222222222222,0.75,0.8888888888888888,0.5644237538061764,-0.23148661158236755
8,coherent_smooth,0,0.3499999940395355,2.0,2.4000000000000004,0.1704999953508377,0.2604269983137355,-0.0895729957258,0.2685294302000711,85,0.8647058823529412,0.0,0.9647058823529412,0.7647058823529411,0.8235294117647058,0.9058823529411765,0.5320827308834871,-0.13366913146110682
8,coherent_smooth,0,0.3499999940395355,2.4000000000000004,2.8000000000000003,0.1704999953508377,0.33423139452934264,-0.015768599510192872,0.15416644328832543,60,0.8708333333333333,0.0,0.95,0.85,0.7833333333333333,0.9,0.43194530469502423,-0.13034159070350657
8,coherent_smooth,0,0.3499999940395355,2.8000000000000003,3.2,0.1704999953508377,0.34112926855169495,-0.008870725487840587,0.1515343277474917,58,0.8275862068965517,0.0,0.9655172413793104,0.8620689655172413,0.6551724137931034,0.8275862068965517,0.48270064284451064,-0.15983815505591303
8,coherent_smooth,0,0.3499999940395355,3.2,3.6,0.1704999953508377,0.36003315249191864,0.010033158452383109,0.16792846251385438,56,0.8035714285714286,0.0,0.9464285714285714,0.8571428571428571,0.625,0.7857142857142857,0.3946730713864406,-0.19874462570289797
8,coherent_smooth,0,0.3499999940395355,3.6,4.0,0.1704999953508377,0.1835758529442291,-0.16642414109530643,0.004294600754210711,78,0.8814102564102564,0.0,0.9102564102564102,0.8846153846153846,0.9230769230769231,0.8076923076923077,0.3633045006047658,-0.13343439529010143
9,coherent_smooth,1,0.3499999940395355,0.0,0.4,0.29319998621940613,0.3047767398935376,-0.04522325414599794,-0.04689392973301998,66,0.6856060606060606,0.0,0.696969696969697,0.6363636363636364,0.6515151515151515,0.7575757575757576,0.3844451225854193,-0.24520358024758282
9,coherent_smooth,1,0.3499999940395355,0.4,0.8,0.29319998621940613,0.36008195109941343,0.01008195705987789,-0.07787033287463391,54,0.6342592592592593,0.018518518518518517,0.6111111111111112,0.6296296296296297,0.6296296296296297,0.6666666666666666,0.46322044688869857,-0.29638333925415145
9,coherent_smooth,1,0.3499999940395355,0.8,1.2000000000000002,0.29319998621940613,0.398613157753761,0.04861316371422548,-0.03926919316787028,52,0.6201923076923077,0.0,0.6538461538461539,0.4807692307692308,0.7692307692307693,0.5769230769230769,0.5513219944345006,-0.479403142678544
9,coherent_smooth,1,0.3499999940395355,1.2000000000000002,1.6,0.28132579355470594,0.6028912894187435,0.25289129537920796,0.11551613421978445,31,0.6290322580645161,0.0,0.4838709677419355,0.4838709677419355,0.8709677419354839,0.6774193548387096,0.17520311304529806,-0.2517073090365105
9,coherent_smooth,1,0.3499999940395355,1.6,2.0,0.1704999953508377,0.380590613852156,0.030590619812620446,0.23587228547258515,47,0.7446808510638298,0.0,0.7446808510638298,0.723404255319149,0.7021276595744681,0.8085106382978723,0.6102198106908938,-0.17401651871665721
9,coherent_smooth,1,0.3499999940395355,2.0,2.4000000000000004,0.1704999953508377,0.3707524071689005,0.020752413129365002,0.26968533271109546,54,0.8240740740740741,0.0,0.9259259259259259,0.7222222222222222,0.7407407407407407,0.9074074074074074,0.4870500687376835,-0.18271960912219887
9,coherent_smooth,1,0.3499999940395355,2.4000000000000004,2.8000000000000003,0.1704999953508377,0.25944971364168895,-0.09055028039784659,0.1962619713686752,84,0.9017857142857143,0.0,0.9523809523809523,0.9166666666666666,0.7738095238095238,0.9642857142857143,0.3564604877070148,-0.08945999514198194
9,coherent_smooth,1,0.3499999940395355,2.8000000000000003,3.2,0.1704999953508377,0.29305951081324316,-0.056940483226292374,0.04947814132510629,69,0.8442028985507246,0.0,1.0,0.8405797101449275,0.7246376811594203,0.8115942028985508,0.5292063833130236,-0.20982634152093305
9,coherent_smooth,1,0.3499999940395355,3.2,3.6,0.1704999953508377,0.4083629974297115,0.05836300339017596,0.06646899390950368,49,0.7448979591836735,0.0,0.7551020408163265,0.7755102040816326,0.7346938775510204,0.7142857142857143,0.41942125969024935,-0.23298071359908779
9,coherent_smooth,1,0.3499999940395355,3.6,4.0,0.1704999953508377,0.265666830798854,-0.08433316324068152,0.05528237174645582,46,0.7989130434782609,0.0,0.9782608695652174,0.7608695652173914,0.6956521739130435,0.7608695652173914,0.16047441403710508,-0.027222742781241444
10,coherent_smooth,0,0.3499999940395355,0.0,0.4,0.1704999953508377,0.40063947945600376,0.05063948541646823,-0.004499988638485543,48,0.625,0.125,0.6875,0.625,0.5,0.6875,0.47274149903172524,0.0413551451016478
10,coherent_smooth,0,0.3499999940395355,0.4,0.8,0.1704999953508377,0.572737033878054,0.22273703983851842,0.13814292303153428,35,0.7571428571428571,0.0,0.7714285714285715,0.8,0.6571428571428571,0.8,0.2950782913136037,-0.23230356058748197
10,coherent_smooth,0,0.3499999940395355,0.8,1.2000000000000002,0.1704999953508377,0.5545703089899487,0.20457031495041317,0.2642778167062333,36,0.7638888888888888,0.0,0.75,0.8611111111111112,0.6944444444444444,0.75,0.4323543044399315,-0.30742014549130986
10,coherent_smooth,0,0.3499999940395355,1.2000000000000002,1.6,0.1704999953508377,0.5206964152890283,0.17069642124949275,0.4161352243584552,37,0.6891891891891891,0.0,0.6486486486486487,0.5405405405405406,0.7297297297297297,0.8378378378378378,0.3985428096828979,-0.4267545435903707
10,coherent_smooth,0,0.3499999940395355,1.6,2.0,0.29319998621940613,0.20844484713485406,-0.14155514690468146,0.38107219146453175,97,0.8041237113402062,0.0,0.7938144329896907,0.7525773195876289,0.8865979381443299,0.7835051546391752,0.40519747946713247,-0.12582055071952028
10,coherent_smooth,0,0.3499999940395355,2.0,2.4000000000000004,0.29319998621940613,0.2798711726842802,-0.07012882135525535,0.1418228059901459,79,0.7025316455696202,0.0,0.7721518987341772,0.620253164556962,0.5949367088607594,0.8227848101265823,0.5709076488062248,-0.3442059500586082
10,coherent_smooth,0,0.3499999940395355,2.4000000000000004,2.8000000000000003,0.29319998621940613,0.26705437989251035,-0.08294561414702518,0.03671600153156118,74,0.7533783783783784,0.0,0.7432432432432432,0.7027027027027027,0.7297297297297297,0.8378378378378378,0.39058058028348963,-0.2522698062779505
10,coherent_smooth,0,0.3499999940395355,2.8000000000000003,3.2,0.29319998621940613,0.3149224358891684,-0.03507755815036713,-0.04185730780684868,63,0.6587301587301587,0.015873015873015872,0.6984126984126984,0.5873015873015873,0.6031746031746031,0.746031746031746,0.3133633369896691,-0.29559441501335976
10,coherent_smooth,0,0.3499999940395355,3.2,3.6,0.29319998621940613,0.36189813857728786,0.011898144537752325,-0.04509100289778406,55,0.65,0.0,0.7272727272727273,0.4909090909090909,0.5636363636363636,0.8181818181818182,0.29562025035049827,-0.32683110046814073
10,coherent_smooth,0,0.3499999940395355,3.6,4.0,0.29319998621940613,0.5207245416111417,0.1707245475716061,0.006925683988463839,27,0.6481481481481481,0.0,0.5555555555555556,0.8148148148148148,0.7407407407407407,0.48148148148148145,0.5013108644104497,-0.16140111276437788
11,coherent_smooth,1,0.3499999940395355,0.0,0.4,0.1704999953508377,0.4545051435849107,0.10450514954537517,0.009268299003199771,41,0.6341463414634146,0.14634146341463414,0.6829268292682927,0.5853658536585366,0.5853658536585366,0.6829268292682927,0.6803086619263087,0.11806756955401479
11,coherent_smooth,1,0.3499999940395355,0.4,0.8,0.1704999953508377,0.5006318564822034,0.15063186244266788,0.1515366196661459,41,0.7560975609756098,0.0,0.6829268292682927,0.8536585365853658,0.6829268292682927,0.8048780487804879,0.4667284263230485,-0.24700756689312123
11,coherent_smooth,1,0.3499999940395355,0.8,1.2000000000000002,0.1704999953508377,0.5225044105734143,0.17250441653387888,0.2634524039001689,42,0.7142857142857143,0.0,0.7619047619047619,0.6904761904761905,0.6666666666666666,0.7380952380952381,0.5791130394799289,-0.338488028122779
11,coherent_smooth,1,0.3499999940395355,1.2000000000000002,1.6,0.18890499398112298,0.5183527715504169,0.16835277751088143,0.41849999767541846,40,0.6625,0.0,0.675,0.55,0.775,0.65,0.37897399111427343,-0.3607774991177702
11,coherent_smooth,1,0.3499999940395355,1.6,2.0,0.29319998621940613,0.2016610109868149,-0.1483389830527206,0.32805548186434585,90,0.7277777777777777,0.0,0.6777777777777778,0.7777777777777778,0.6888888888888889,0.7666666666666667,0.2591719204227515,-0.3020850443885521
11,coherent_smooth,1,0.3499999940395355,2.0,2.4000000000000004,0.29319998621940613,0.24759545269203775,-0.10240454134749777,0.13656805328969523,81,0.7716049382716049,0.0,0.7530864197530864,0.7407407407407407,0.7160493827160493,0.8765432098765432,0.42367549968254004,-0.12149678909597511
11,coherent_smooth,1,0.3499999940395355,2.4000000000000004,2.8000000000000003,0.29319998621940613,0.41445069296180076,0.06445069892226525,0.05413215280253834,53,0.6839622641509434,0.0,0.6226415094339622,0.7547169811320755,0.5849056603773585,0.7735849056603774,0.3623025276197953,-0.1403473455425356
11,coherent_smooth,1,0.3499999940395355,2.8000000000000003,3.2,0.29319998621940613,0.35242819094232153,0.0024281969027859823,0.11221414776359165,56,0.6785714285714286,0.0,0.6785714285714286,0.6964285714285714,0.625,0.7142857142857143,0.43338191037974466,-0.31038983232098116
11,coherent_smooth,1,0.3499999940395355,3.2,3.6,0.29319998621940613,0.2782208911130126,-0.07177910292652291,0.04699961972740201,71,0.7077464788732394,0.0,0.7887323943661971,0.6619718309859155,0.6619718309859155,0.7183098591549296,0.35464039497109034,-0.23643698901871163
11,coherent_smooth,1,0.3499999940395355,3.6,4.0,0.29319998621940613,0.3147302829735988,-0.03526971106593673,0.021432184918505508,37,0.6959459459459459,0.0,0.5945945945945946,0.7837837837837838,0.8108108108108109,0.5945945945945946,0.5674217462864707,-0.34941576943741404
12,coherent_smooth,0,0.44999998807907104,0.0,0.4,0.29319998621940613,0.5257611997626923,0.07576121168362128,-0.011729717493862831,37,0.5608108108108109,0.02702702702702703,0.6216216216216216,0.43243243243243246,0.5405405405405406,0.6486486486486487,0.24653449615114315,-0.21598574233798123
12,coherent_smooth,0,0.44999998807907104,0.4,0.8,0.29319998621940613,0.4154182930990141,-0.03458169498005692,0.03875517827637306,49,0.5918367346938775,0.0,0.5510204081632653,0.6326530612244898,0.6938775510204082,0.4897959183673469,0.26929108617159414,-0.3477304888733684
12,coherent_smooth,0,0.44999998807907104,0.8,1.2000000000000002,0.29319998621940613,0.5612362349355543,0.11123624685648326,0.028324384934192776,37,0.6081081081081081,0.0,0.5945945945945946,0.3783783783783784,0.7297297297297297,0.7297297297297297,0.4819633055837148,-0.3903104289390348
12,coherent_smooth,0,0.44999998807907104,1.2000000000000002,1.6,0.29319998621940613,0.507681584939724,0.057681596860653016,0.08373182089154237,41,0.6829268292682927,0.024390243902439025,0.7073170731707317,0.5121951219512195,0.7317073170731707,0.7804878048780488,0.6026388752483678,-0.33409709967097856
12,coherent_smooth,0,0.44999998807907104,1.6,2.0,0.1704999953508377,0.5495389192490965,0.0995389311700254,0.14686492155693576,37,0.7162162162162162,0.0,0.6756756756756757,0.6486486486486487,0.7567567567567568,0.7837837837837838,0.6322589798584085,-0.38967393708366005
12,coherent_smooth,0,0.44999998807907104,2.0,2.4000000000000004,0.1704999953508377,0.5066346411000598,0.05663465302098881,0.1938636779243281,44,0.7954545454545454,0.0,0.8636363636363636,0.8181818181818182,0.7272727272727273,0.7727272727272727,0.7512477279922739,-0.24949356398930028
12,coherent_smooth,0,0.44999998807907104,2.4000000000000004,2.8000000000000003,0.1704999953508377,0.566616154568536,0.11661616648946489,0.2728569049154,35,0.7642857142857142,0.0,0.8857142857142857,0.8,0.5714285714285714,0.8,0.4233791111148941,-0.28054275420956365
12,coherent_smooth,0,0.44999998807907104,2.8000000000000003,3.2,0.1704999953508377,0.45937971703030844,0.009379728951237419,0.32104530478607335,44,0.7897727272727273,0.0,0.8409090909090909,0.8636363636363636,0.6363636363636364,0.8181818181818182,0.5630681712141503,-0.2580575684635266
12,coherent_smooth,0,0.44999998807907104,3.2,3.6,0.1704999953508377,0.40735207832589443,-0.04264790975317663,0.30881627799053385,49,0.8010204081632653,0.0,0.8979591836734694,0.8367346938775511,0.673469387755102,0.7959183673469388,0.5664083006744824,-0.22920148552637865
12,coherent_smooth,0,0.44999998807907104,3.6,4.0,0.1704999953508377,0.21255943069563193,-0.2374405573834391,0.104440966921692,68,0.9007352941176471,0.0,1.0,0.9117647058823529,0.8088235294117647,0.8823529411764706,0.11246140442959555,-0.1135923668494129
13,coherent_smooth,1,0.44999998807907104,0.0,0.4,0.29319998621940613,0.4696396373030616,0.019639649223990557,-0.02585364871999125,41,0.6219512195121951,0.0,0.6097560975609756,0.5365853658536586,0.6341463414634146,0.7073170731707317,0.17639046949571985,-0.0744596217618062
13,coherent_smooth,1,0.44999998807907104,0.4,0.8,0.29319998621940613,0.4182248787747489,-0.03177510930432214,0.019666710217793416,45,0.6833333333333333,0.0,0.6222222222222222,0.6666666666666666,0.7555555555555555,0.6888888888888889,0.47622122734161565,-0.2531303245915958
13,coherent_smooth,1,0.44999998807907104,0.8,1.2000000000000002,0.29319998621940613,0.8485473420308984,0.39854735395182733,0.11134786119668312,23,0.5543478260869565,0.0,0.4782608695652174,0.4782608695652174,0.6956521739130435,0.5652173913043478,0.2839712501400229,-0.2563451316785748
13,coherent_smooth,1,0.44999998807907104,1.2000000000000002,1.6,0.2784759873151779,0.7300176739692688,0.28001768589019777,0.34620000243186894,25,0.59,0.0,0.48,0.6,0.76,0.52,0.4696875578469547,-0.5092324418462072
13,coherent_smooth,1,0.44999998807907104,1.6,2.0,0.1704999953508377,0.5842992683251699,0.13429928024609883,0.47283327464262564,30,0.675,0.0,0.43333333333333335,0.8333333333333334,0.6666666666666666,0.7666666666666667,0.4625733313805898,-0.2422716644874157
13,coherent_smooth,1,0.44999998807907104,2.0,2.4000000000000004,0.1704999953508377,0.45971526205539703,0.009715273976325989,0.5086819619590576,44,0.8238636363636364,0.0,0.8636363636363636,0.7727272727272727,0.8409090909090909,0.8181818181818182,0.5883487179667332,-0.21424505602213326
13,coherent_smooth,1,0.44999998807907104,2.4000000000000004,2.8000000000000003,0.1704999953508377,0.41580447301549733,-0.03419551506357373,0.49098120726279365,53,0.8160377358490566,0.0,0.8679245283018868,0.8490566037735849,0.6792452830188679,0.8679245283018868,0.3952953123091343,-0.21627268174190428
13,coherent_smooth,1,0.44999998807907104,2.8000000000000003,3.2,0.1704999953508377,0.41415504552423954,-0.035844942554831505,0.46366652774810646,48,0.796875,0.0,0.8958333333333334,0.8125,0.7291666666666666,0.75,0.5506203904074145,-0.24258530934224354
13,coherent_smooth,1,0.44999998807907104,3.2,3.6,0.1704999953508377,0.46649307948212293,0.016493091403051864,0.45418568261833886,43,0.7325581395348837,0.0,0.7906976744186046,0.7209302325581395,0.6511627906976745,0.7674418604651163,0.44526059993286804,-0.23680613225863192
13,coherent_smooth,1,0.44999998807907104,3.6,4.0,0.1704999953508377,0.17856773409499405,-0.271432253984077,0.29697037344118915,68,0.7463235294117647,0.0,0.75,0.8676470588235294,0.7205882352941176,0.6470588235294118,0.38467444327385614,-0.23317511994989204
14,coherent_smooth,0,0.44999998807907104,0.0,0.4,0.1704999953508377,0.47050838839495557,0.020508400315884502,-0.03949998779967438,40,0.56875,0.15,0.65,0.55,0.55,0.525,0.6817321038886766,-0.04347664153863071
14,coherent_smooth,0,0.44999998807907104,0.4,0.8,0.1704999953508377,0.691971480846405,0.24197149276733398,0.09606903660708428,29,0.6810344827586207,0.0,0.6896551724137931,0.8275862068965517,0.6206896551724138,0.5862068965517241,0.38848001560286505,-0.4539434592543803
14,coherent_smooth,0,0.44999998807907104,0.8,1.2000000000000002,0.1704999953508377,0.6727411359548569,0.22274114787578583,0.22183338228861443,30,0.6833333333333333,0.0,0.8,0.6,0.6,0.7333333333333333,0.7261335084333226,-0.45030712719059685
14,coherent_smooth,0,0.44999998807907104,1.2000000000000002,1.6,0.1704999953508377,0.512899354884499,0.06289936680542796,0.334079056288066,38,0.6644736842105263,0.02631578947368421,0.5526315789473685,0.5,0.8947368421052632,0.7105263157894737,0.2928052780119528,-0.32919149126976377
14,coherent_smooth,0,0.44999998807907104,1.6,2.0,0.29319998621940613,0.34149815376591064,-0.10850183431316039,0.33808624867324083,58,0.75,0.0,0.7931034482758621,0.5689655172413793,0.8103448275862069,0.8275862068965517,0.45497565188915445,-0.3221841634987477
14,coherent_smooth,0,0.44999998807907104,2.0,2.4000000000000004,0.29319998621940613,0.39711659534701277,-0.052883392732058256,0.17821432462760253,56,0.6607142857142857,0.0,0.6607142857142857,0.6607142857142857,0.6428571428571429,0.6785714285714286,0.32406955560241724,-0.3158551536736444
14,coherent_smooth,0,0.44999998807907104,2.4000000000000004,2.8000000000000003,0.29319998621940613,0.40494298630831194,-0.045057001770759116,0.15846917860361845,49,0.7040816326530612,0.0,0.6326530612244898,0.673469387755102,0.7142857142857143,0.7959183673469388,0.3793141575705528,-0.3704066329340858
14,coherent_smooth,0,0.44999998807907104,2.8000000000000003,3.2,0.29319998621940613,0.4213823416131608,-0.02861764646591024,0.09299988737004672,47,0.6382978723404256,0.0,0.6808510638297872,0.574468085106383,0.574468085106383,0.723404255319149,0.33332922055044084,-0.46646198682959145
14,coherent_smooth,0,0.44999998807907104,3.2,3.6,0.29319998621940613,0.37530517100163224,-0.07469481707743879,0.05658482951487945,53,0.7028301886792453,0.0,0.7358490566037735,0.5660377358490566,0.660377358490566,0.8490566037735849,0.2615543090722497,-0.2399148482713654
14,coherent_smooth,0,0.44999998807907104,3.6,4.0,0.29319998621940613,0.4714964081843694,0.02149642010529836,0.04549979714552326,30,0.6416666666666667,0.03333333333333333,0.6333333333333333,0.6333333333333333,0.6333333333333333,0.6666666666666666,0.31074185789598524,-0.04970688002361144
15,coherent_smooth,1,0.44999998807907104,0.0,0.4,0.1704999953508377,0.5012287908282719,0.05122880274920087,-0.023342097472987784,38,0.5723684210526315,0.15789473684210525,0.6578947368421053,0.6052631578947368,0.6052631578947368,0.42105263157894735,0.47704766330562676,0.2300595565350257
15,coherent_smooth,1,0.44999998807907104,0.4,0.8,0.1704999953508377,0.611247589190801,0.16124760111172995,0.09218185476823255,33,0.7348484848484849,0.0,0.6060606060606061,0.7878787878787878,0.8181818181818182,0.7272727272727273,0.7644081937488707,-0.3489014648420835
15,coherent_smooth,1,0.44999998807907104,0.8,1.2000000000000002,0.1704999953508377,0.6325377983706338,0.18253781029156277,0.20914288813727192,35,0.7142857142857143,0.0,0.8285714285714286,0.6,0.7428571428571429,0.6857142857142857,0.3845508150063194,-0.3473782682688442
15,coherent_smooth,1,0.44999998807907104,1.2000000000000002,1.6,0.1831930978544827,0.7061566710472107,0.25615668296813965,0.3296551912406388,29,0.5948275862068966,0.0,0.6551724137931034,0.5517241379310345,0.6206896551724138,0.5517241379310345,0.545783797139388,-0.5453457374387507
15,coherent_smooth,1,0.44999998807907104,1.6,2.0,0.29319998621940613,0.46942011698296193,0.019420128903890912,0.4290262585125463,38,0.6842105263157895,0.0,0.5526315789473685,0.7368421052631579,0.868421052631579,0.5789473684210527,0.35480643088308705,-0.29112894516554144
15,coherent_smooth,1,0.44999998807907104,2.0,2.4000000000000004,0.29319998621940613,0.35262508585787655,-0.09737490222119448,0.3804738392202468,57,0.6622807017543859,0.017543859649122806,0.7894736842105263,0.47368421052631576,0.5964912280701754,0.7894736842105263,0.28886570519266497,-0.3113923170688395
15,coherent_smooth,1,0.44999998807907104,2.4000000000000004,2.8000000000000003,0.29319998621940613,0.40709541819312356,-0.042904569885947486,0.2739091779318709,55,0.7545454545454545,0.0,0.7272727272727273,0.7636363636363637,0.6727272727272727,0.8545454545454545,0.30938453500484586,-0.32832651062344675
15,coherent_smooth,1,0.44999998807907104,2.8000000000000003,3.2,0.29319998621940613,0.36090072041208093,-0.08909926766699011,0.2065453445261157,55,0.7045454545454546,0.0,0.6363636363636364,0.7090909090909091,0.6181818181818182,0.8545454545454545,0.28877459000097055,-0.3513746199118452
15,coherent_smooth,1,0.44999998807907104,3.2,3.6,0.29319998621940613,0.35722812209968213,-0.09277186597938891,0.1311292881921465,54,0.7314814814814815,0.0,0.7592592592592593,0.6851851851851852,0.7407407407407407,0.7407407407407407,0.3349606552394955,-0.1850991884722884
15,coherent_smooth,1,0.44999998807907104,3.6,4.0,0.29319998621940613,0.3929717098512957,-0.05702827822777533,0.07125785949922155,31,0.7419354838709677,0.0,0.7741935483870968,0.8064516129032258,0.7419354838709677,0.6451612903225806,0.6055174422070457,-0.2555898437662078
16,rounded_waypoint,0,0.3499999940395355,0.0,0.4,0.29319998621940613,0.4101881098288756,0.060188115789340094,0.02611538379754004,52,0.6490384615384616,0.0,0.6346153846153846,0.5769230769230769,0.6538461538461539,0.7307692307692307,0.4401770649439338,-0.3661462107146617
16,rounded_waypoint,0,0.3499999940395355,0.4,0.8,0.29319998621940613,0.30311201557968603,-0.0468879784598495,0.00850000901113834,66,0.7272727272727273,0.0,0.7424242424242424,0.8181818181818182,0.5909090909090909,0.7575757575757576,0.23795423579288796,-0.26207460606094796
16,rounded_waypoint,0,0.3499999940395355,0.8,1.2000000000000002,0.29319998621940613,0.4856466600080816,0.13564666596854605,0.041804888940438586,41,0.6585365853658537,0.0,0.5853658536585366,0.6829268292682927,0.8048780487804879,0.5609756097560976,0.15716985095606234,-0.3308540245328251
16,rounded_waypoint,0,0.3499999940395355,1.2000000000000002,1.6,0.28483407775109465,0.45367455008355057,0.10367455604401501,0.14468184070695483,44,0.6477272727272727,0.0,0.5909090909090909,0.6590909090909091,0.6590909090909091,0.6818181818181818,0.4066681769780155,-0.3985779149848838
16,rounded_waypoint,0,0.3499999940395355,1.6,2.0,0.1704999953508377,0.516429056440081,0.1664290624005454,0.27942859002521997,35,0.6642857142857143,0.0,0.5142857142857142,0.7142857142857143,0.6285714285714286,0.8,0.46026277639813507,-0.3541717456345046
16,rounded_waypoint,0,0.3499999940395355,2.0,2.4000000000000004,0.1704999953508377,0.35855664721419733,0.00855665317466182,0.3282419467106935,62,0.8024193548387096,0.0,0.8064516129032258,0.8225806451612904,0.7096774193548387,0.8709677419354839,0.49459090839957703,-0.24604763108677735
16,rounded_waypoint,0,0.3499999940395355,2.4000000000000004,2.8000000000000003,0.1704999953508377,0.3564206085034779,0.006420614463942391,0.34607146582433074,56,0.7544642857142857,0.0,0.6964285714285714,0.7678571428571429,0.7678571428571429,0.7857142857142857,0.3110134905885941,-0.22754997481811867
16,rounded_waypoint,0,0.3499999940395355,2.8000000000000003,3.2,0.1704999953508377,0.2815963549734051,-0.06840363906613037,0.2638657432225202,67,0.7910447761194029,0.0,0.7014925373134329,0.8507462686567164,0.8507462686567164,0.7611940298507462,0.2884119306856866,-0.1590311405205299
16,rounded_waypoint,0,0.3499999940395355,3.2,3.6,0.1704999953508377,0.19205708552188086,-0.15794290851765466,0.11966961474325927,103,0.8616504854368932,0.0,0.8058252427184466,0.8640776699029126,0.8446601941747572,0.9320388349514563,0.17117358512704883,-0.06864453764994696
16,rounded_waypoint,0,0.3499999940395355,3.6,4.0,0.1704999953508377,0.3674922738881672,0.017492279848631692,-0.059853487698472416,34,0.7426470588235294,0.0,0.7941176470588235,0.7647058823529411,0.5588235294117647,0.8529411764705882,0.20235106384236665,-0.04837844669229219
17,rounded_waypoint,1,0.3499999940395355,0.0,0.4,0.29319998621940613,0.4101728036856422,0.06017280964610668,-0.006961536963971837,52,0.5625,0.019230769230769232,0.6346153846153846,0.4423076923076923,0.5961538461538461,0.5769230769230769,0.5699055896707931,-0.3936398921205842
17,rounded_waypoint,1,0.3499999940395355,0.4,0.8,0.29319998621940613,0.36948893345751854,0.019488939417983003,0.09550941346726305,53,0.6509433962264151,0.0,0.7169811320754716,0.49056603773584906,0.6981132075471698,0.6981132075471698,0.4033257392219294,-0.24486512368273863
17,rounded_waypoint,1,0.3499999940395355,0.8,1.2000000000000002,0.29319998621940613,0.33066867366765756,-0.019331320371877934,0.03321424301181481,56,0.65625,0.0,0.48214285714285715,0.6785714285714286,0.7857142857142857,0.6785714285714286,0.4485493154407767,-0.46390962359525434
17,rounded_waypoint,1,0.3499999940395355,1.2000000000000002,1.6,0.29319998621940613,0.4751506360868613,0.12515064204732576,0.26083341409762656,24,0.6875,0.0,0.75,0.4583333333333333,0.625,0.9166666666666666,0.4433014795750616,-0.38749549208925127
17,rounded_waypoint,1,0.3499999940395355,1.6,2.0,0.1704999953508377,0.3476848679660052,-0.0023151260735303687,0.32163186751122996,57,0.8114035087719298,0.0,0.8947368421052632,0.7543859649122807,0.6842105263157895,0.9122807017543859,0.24860603362477668,-0.20497771727445774
17,rounded_waypoint,1,0.3499999940395355,2.0,2.4000000000000004,0.1704999953508377,0.347840910116511,-0.0021590839230245158,0.2995966463223574,62,0.842741935483871,0.0,0.9516129032258065,0.8064516129032258,0.6774193548387096,0.9354838709677419,0.5003145618917023,-0.14212950760145232
17,rounded_waypoint,1,0.3499999940395355,2.4000000000000004,2.8000000000000003,0.1704999953508377,0.26511449856977715,-0.08488549546975839,0.22792044274744142,76,0.868421052631579,0.0,0.9473684210526315,0.8552631578947368,0.7763157894736842,0.8947368421052632,0.5410308773527772,-0.0631081131485153
17,rounded_waypoint,1,0.3499999940395355,2.8000000000000003,3.2,0.1704999953508377,0.3307168828944365,-0.019283111145099004,0.1608317350745189,60,0.8208333333333333,0.0,0.95,0.7166666666666667,0.7666666666666667,0.85,0.5172265082577868,-0.14355813069141277
17,rounded_waypoint,1,0.3499999940395355,3.2,3.6,0.1704999953508377,0.31568030710332096,-0.034319686936214566,0.12137255254387735,64,0.875,0.0,0.921875,0.8125,0.765625,1.0,0.3012272125737919,-0.02362316088008891
17,rounded_waypoint,1,0.3499999940395355,3.6,4.0,0.1704999953508377,0.2664903527194703,-0.08350964132006522,0.04797928122900009,54,0.8009259259259259,0.0,0.8518518518518519,0.8888888888888888,0.5555555555555556,0.9074074074074074,0.2209549739665316,0.01929677173794723
18,rounded_waypoint,0,0.3499999940395355,0.0,0.4,0.1704999953508377,0.4482265468042819,0.09822655276474641,-0.000999999078664447,47,0.6063829787234043,0.1276595744680851,0.6808510638297872,0.6595744680851063,0.5106382978723404,0.574468085106383,0.5812974413487986,-0.00684664250850215
18,rounded_waypoint,0,0.3499999940395355,0.4,0.8,0.1704999953508377,0.5379871053470148,0.18798711130747925,0.18932432493647997,37,0.7905405405405406,0.0,0.8378378378378378,0.8378378378378378,0.6216216216216216,0.8648648648648649,0.5167130013561756,-0.2585698514457385
18,rounded_waypoint,0,0.3499999940395355,0.8,1.2000000000000002,0.1704999953508377,0.49041604268841626,0.14041604864888074,0.2622439028693406,41,0.8353658536585366,0.0,0.9512195121951219,0.8048780487804879,0.6585365853658537,0.926829268292683,0.31006749123012506,-0.03131671617164927
18,rounded_waypoint,0,0.3499999940395355,1.2000000000000002,1.6,0.18413332766956753,0.5577445146110322,0.20774452057149675,0.4347222342424918,36,0.6736111111111112,0.0,0.5833333333333334,0.5555555555555556,0.8055555555555556,0.75,0.4210321199435558,-0.465812589381511
18,rounded_waypoint,0,0.3499999940395355,1.6,2.0,0.29319998621940613,0.20999491137644166,-0.14000508266309386,0.3902941321695546,85,0.7205882352941176,0.011764705882352941,0.7529411764705882,0.5882352941176471,0.7294117647058823,0.8117647058823529,0.2391003648346843,-0.19193858408317532
18,rounded_waypoint,0,0.3499999940395355,2.0,2.4000000000000004,0.29319998621940613,0.25670619811429535,-0.09329379592524019,0.13863955432730982,86,0.7383720930232558,0.0,0.7093023255813954,0.627906976744186,0.7674418604651163,0.8488372093023255,0.258831865894241,-0.18055291173764293
18,rounded_waypoint,0,0.3499999940395355,2.4000000000000004,2.8000000000000003,0.29319998621940613,0.3372938940922419,-0.0127060999472936,0.09350006836652654,60,0.6291666666666667,0.06666666666666667,0.55,0.6666666666666666,0.6333333333333333,0.6666666666666666,0.4612094495100814,-0.08556384274169554
18,rounded_waypoint,0,0.3499999940395355,2.8000000000000003,3.2,0.29319998621940613,0.38909506434347574,0.03909507030394019,0.19307319912096219,41,0.6402439024390244,0.0,0.5365853658536586,0.7073170731707317,0.5853658536585366,0.7317073170731707,0.432760737637971,-0.38726696877671374
18,rounded_waypoint,0,0.3499999940395355,3.2,3.6,0.29319998621940613,0.2175077177665156,-0.13249227627301993,0.050064963908297955,92,0.7065217391304348,0.0,0.75,0.6521739130434783,0.6195652173913043,0.8043478260869565,0.2711732266696905,-0.055657306963325104
18,rounded_waypoint,0,0.3499999940395355,3.6,4.0,0.29319998621940613,0.418114909529686,0.06811491549015045,-0.029833900988103325,30,0.6583333333333333,0.0,0.5666666666666667,0.7333333333333333,0.6,0.7333333333333333,0.48501984572568874,-0.24763054409570862
19,rounded_waypoint,1,0.3499999940395355,0.0,0.4,0.1704999953508377,0.3972941642530473,0.04729417021351181,-0.019735847645773158,53,0.660377358490566,0.1320754716981132,0.7169811320754716,0.6226415094339622,0.5849056603773585,0.7169811320754716,0.47862610919042264,0.1771686438927283
19,rounded_waypoint,1,0.3499999940395355,0.4,0.8,0.1704999953508377,0.45054936177200744,0.10054936773247189,0.09899997625086022,45,0.7055555555555556,0.0,0.7555555555555555,0.6222222222222222,0.7111111111111111,0.7333333333333333,0.35443032675119956,-0.30733800325200566
19,rounded_waypoint,1,0.3499999940395355,0.8,1.2000000000000002,0.1704999953508377,0.5182909792975375,0.16829098525800204,0.20344731220132392,38,0.6513157894736842,0.0,0.7105263157894737,0.6052631578947368,0.5526315789473685,0.7368421052631579,0.4133275010059898,-0.46732073730085877
19,rounded_waypoint,1,0.3499999940395355,1.2000000000000002,1.6,0.1704999953508377,0.549030904808352,0.19903091076881654,0.35074201430428376,31,0.6209677419354839,0.0,0.5483870967741935,0.6451612903225806,0.6129032258064516,0.6774193548387096,0.43105703332729123,-0.6164812163018323
19,rounded_waypoint,1,0.3499999940395355,1.6,2.0,0.29319998621940613,0.5284391840298971,0.17843918999036154,0.4513336722850795,15,0.7166666666666667,0.0,0.7333333333333333,0.4666666666666667,0.9333333333333333,0.7333333333333333,0.4545454545454546,-0.4029114820126902
19,rounded_waypoint,1,0.3499999940395355,2.0,2.4000000000000004,0.29319998621940613,0.22646795668905334,-0.12353203735048217,0.6246262350671887,91,0.7142857142857143,0.0,0.7472527472527473,0.5824175824175825,0.7142857142857143,0.8131868131868132,0.3858267310133241,-0.24570517841541112
19,rounded_waypoint,1,0.3499999940395355,2.4000000000000004,2.8000000000000003,0.29319998621940613,0.21276443493702718,-0.13723555910250834,0.40527890531862854,93,0.7258064516129032,0.0,0.7849462365591398,0.6451612903225806,0.6881720430107527,0.7849462365591398,0.50498670522955,-0.23351526014736726
19,rounded_waypoint,1,0.3499999940395355,2.8000000000000003,3.2,0.29319998621940613,0.28510248169145536,-0.06489751234808018,0.18792807832737923,71,0.6901408450704225,0.014084507042253521,0.704225352112676,0.6197183098591549,0.704225352112676,0.7323943661971831,0.3468993376801083,-0.21321560483584237
19,rounded_waypoint,1,0.3499999940395355,3.2,3.6,0.29319998621940613,0.23769999310634163,-0.11230000093319388,0.053265016629251115,86,0.7296511627906976,0.0,0.7674418604651163,0.5813953488372093,0.7558139534883721,0.813953488372093,0.3332335534083861,-0.26667989304046985
19,rounded_waypoint,1,0.3499999940395355,3.6,4.0,0.29319998621940613,0.368459556706068,0.01845956266653247,-0.0731973826507259,41,0.6463414634146342,0.024390243902439025,0.6829268292682927,0.5853658536585366,0.5609756097560976,0.7560975609756098,0.3989452762752009,-0.15623868743678138
20,rounded_waypoint,0,0.44999998807907104,0.0,0.4,0.29319998621940613,0.5347501666444104,0.08475017856533934,0.007317075522207508,41,0.6219512195121951,0.024390243902439025,0.6585365853658537,0.5121951219512195,0.6585365853658537,0.6585365853658537,0.39196935019387147,-0.13087735157927344
20,rounded_waypoint,0,0.44999998807907104,0.4,0.8,0.29319998621940613,0.4852170747954671,0.035217086716396055,0.07636586588184972,41,0.6036585365853658,0.0,0.6585365853658537,0.5121951219512195,0.5853658536585366,0.6585365853658537,0.3487759460181347,-0.24128365865997153
20,rounded_waypoint,0,0.44999998807907104,0.8,1.2000000000000002,0.29319998621940613,0.624095163308084,0.17409517522901297,0.13500001333653877,32,0.5390625,0.0,0.40625,0.59375,0.71875,0.4375,0.7121926372723024,-0.7829523943524832
20,rounded_waypoint,0,0.44999998807907104,1.2000000000000002,1.6,0.28169686207547784,0.6410014368593693,0.19100144878029823,0.24450002978742047,32,0.6171875,0.0,0.6875,0.46875,0.53125,0.78125,0.6893161593259713,-0.4632078779529569
20,rounded_waypoint,0,0.44999998807907104,1.6,2.0,0.1704999953508377,0.679432078049733,0.22943208997066206,0.39811540998862244,26,0.7403846153846154,0.0,0.6923076923076923,0.6923076923076923,0.7692307692307693,0.8076923076923077,0.45958692177630184,-0.3452241979931445
20,rounded_waypoint,0,0.44999998807907104,2.0,2.4000000000000004,0.1704999953508377,0.4832362422476644,0.03323625416859337,0.4434130800651454,46,0.7554347826086957,0.0,0.8043478260869565,0.6521739130434783,0.6739130434782609,0.8913043478260869,0.5568566238754802,-0.29905130349608977
20,rounded_waypoint,0,0.44999998807907104,2.4000000000000004,2.8000000000000003,0.1704999953508377,0.5376342929698326,0.0876343048907615,0.4932973432025386,37,0.6959459459459459,0.0,0.5945945945945946,0.6486486486486487,0.6756756756756757,0.8648648648648649,0.4885445278440985,-0.20710118627117372
20,rounded_waypoint,0,0.44999998807907104,2.8000000000000003,3.2,0.1704999953508377,0.3712174861746676,-0.07878250190440346,0.5215686820535084,51,0.75,0.0,0.6862745098039216,0.7450980392156863,0.8431372549019608,0.7254901960784313,0.51051481897729,-0.32570901531287444
20,rounded_waypoint,0,0.44999998807907104,3.2,3.6,0.1704999953508377,0.2161663307443909,-0.23383365733468015,0.2951953767123409,92,0.8559782608695652,0.0,0.8586956521739131,0.8804347826086957,0.7717391304347826,0.9130434782608695,0.4024111472726237,-0.05565074368602746
20,rounded_waypoint,0,0.44999998807907104,3.6,4.0,0.1704999953508377,0.364827841094562,-0.08517214698450906,-0.0012862231050243217,35,0.8285714285714286,0.0,0.8285714285714286,0.8857142857142857,0.7142857142857143,0.8857142857142857,0.10289253928055822,0.04336311380195332
21,rounded_waypoint,1,0.44999998807907104,0.0,0.4,0.29319998621940613,0.5247171616707093,0.07471717359163822,0.016692308434308998,39,0.5192307692307693,0.02564102564102564,0.717948717948718,0.23076923076923078,0.5897435897435898,0.5384615384615384,0.5097680756693966,-0.49926973460335844
21,rounded_waypoint,1,0.44999998807907104,0.4,0.8,0.29319998621940613,0.5444828190586783,0.09448283097960732,0.09913634854013234,44,0.625,0.0,0.4772727272727273,0.7045454545454546,0.7954545454545454,0.5227272727272727,0.6334619386795468,-0.5248704846426361
21,rounded_waypoint,1,0.44999998807907104,0.8,1.2000000000000002,0.29319998621940613,0.5718247169448484,0.12182472886577729,0.11025801445591783,31,0.5725806451612904,0.0,0.5806451612903226,0.45161290322580644,0.5161290322580645,0.7419354838709677,0.6566151004193616,-0.7363716128349648
21,rounded_waypoint,1,0.44999998807907104,1.2000000000000002,1.6,0.29319998621940613,0.40732742616763484,-0.04267256191143623,0.33842317268481553,26,0.7019230769230769,0.0,0.6923076923076923,0.4230769230769231,0.8076923076923077,0.8846153846153846,0.21895987793315055,-0.2677980881736561
21,rounded_waypoint,1,0.44999998807907104,1.6,2.0,0.1704999953508377,0.5066506015983495,0.05665061351927844,0.3201366695815857,44,0.8011363636363636,0.0,0.9772727272727273,0.6590909090909091,0.7045454545454546,0.8636363636363636,0.31482205758017845,-0.19226676447281205
21,rounded_waypoint,1,0.44999998807907104,2.0,2.4000000000000004,0.1704999953508377,0.5456375427544117,0.09563755467534066,0.36449990504979973,40,0.725,0.0,0.75,0.8,0.575,0.775,0.34263758375542097,-0.3828857705714389
21,rounded_waypoint,1,0.44999998807907104,2.4000000000000004,2.8000000000000003,0.1704999953508377,0.4938764438033104,0.04387645572423935,0.4314993902444826,40,0.825,0.0,0.85,0.8,0.65,1.0,0.6813851438692471,-0.3082573996425536
21,rounded_waypoint,1,0.44999998807907104,2.8000000000000003,3.2,0.1704999953508377,0.39857687348244236,-0.051423114596628676,0.43586114826856726,51,0.8333333333333334,0.0,0.9411764705882353,0.7058823529411765,0.7254901960784313,0.9607843137254902,0.5694479671896688,-0.1420956520233183
21,rounded_waypoint,1,0.44999998807907104,3.2,3.6,0.1704999953508377,0.2988832734990865,-0.15111671457998455,0.2908725946247559,64,0.8515625,0.0,0.90625,0.78125,0.890625,0.828125,0.33940670342258755,-0.12679799838647715
21,rounded_waypoint,1,0.44999998807907104,3.6,4.0,0.1704999953508377,0.2484952655845675,-0.20150472249450355,0.09663577381906589,58,0.8318965517241379,0.0,0.8793103448275862,0.8793103448275862,0.6896551724137931,0.8793103448275862,0.2887439985433118,-0.1928899814173194
22,rounded_waypoint,0,0.44999998807907104,0.0,0.4,0.1704999953508377,0.5096150434734982,0.05961505539442708,-0.02195121541619313,41,0.5914634146341463,0.14634146341463414,0.6341463414634146,0.5365853658536586,0.6585365853658537,0.5365853658536586,0.49064739041587657,0.15453622548619403
22,rounded_waypoint,0,0.44999998807907104,0.4,0.8,0.1704999953508377,0.6272936314344406,0.17729364335536957,0.10650001006573406,32,0.6953125,0.0,0.65625,0.78125,0.6875,0.65625,0.5461079910866253,-0.2763037257717629
22,rounded_waypoint,0,0.44999998807907104,0.8,1.2000000000000002,0.1704999953508377,0.5984147646847893,0.14841477660571828,0.2286176561818398,34,0.7352941176470589,0.0,0.8235294117647058,0.5588235294117647,0.6764705882352942,0.8823529411764706,0.4174915635600681,-0.322287401315255
22,rounded_waypoint,0,0.44999998807907104,1.2000000000000002,1.6,0.18510713712090537,0.471383474057629,0.02138348597855795,0.28583335453555625,42,0.6726190476190477,0.0,0.6190476190476191,0.5952380952380952,0.8333333333333334,0.6428571428571429,0.3881041415142578,-0.3814955387891295
22,rounded_waypoint,0,0.44999998807907104,1.6,2.0,0.29319998621940613,0.36270428597927096,-0.08729570209980012,0.25450002920627496,50,0.715,0.0,0.66,0.7,0.82,0.68,0.4958528355254099,-0.39268272214333066
22,rounded_waypoint,0,0.44999998807907104,2.0,2.4000000000000004,0.29319998621940613,0.34012827632518916,-0.1098717117538819,0.14869234053905067,65,0.7,0.0,0.676923076923077,0.6,0.7692307692307693,0.7538461538461538,0.297181753169415,-0.1960075137636033
22,rounded_waypoint,0,0.44999998807907104,2.4000000000000004,2.8000000000000003,0.29319998621940613,0.4535021619363265,0.0035021738572554154,0.04413644488291171,44,0.5738636363636364,0.022727272727272728,0.45454545454545453,0.6363636363636364,0.6136363636363636,0.5909090909090909,0.5692127534870194,-0.5112196143439205
22,rounded_waypoint,0,0.44999998807907104,2.8000000000000003,3.2,0.29319998621940613,0.4131296170063508,-0.03687037107272026,0.09187187997499881,39,0.6666666666666666,0.0,0.5897435897435898,0.6923076923076923,0.6410256410256411,0.7435897435897436,0.44466757643663524,-0.20830004941929295
22,rounded_waypoint,0,0.44999998807907104,3.2,3.6,0.29319998621940613,0.3340479931083776,-0.11595199497069343,0.03430485314837751,59,0.7076271186440678,0.0,0.6610169491525424,0.5423728813559322,0.7627118644067796,0.864406779661017,0.40789900194166223,-0.15599603473368112
22,rounded_waypoint,0,0.44999998807907104,3.6,4.0,0.29319998621940613,0.48558096014536345,0.0355809720662924,-0.02034668114552355,26,0.6538461538461539,0.0,0.5,0.8076923076923077,0.7692307692307693,0.5384615384615384,0.2138089935299395,-0.4084511615613684
23,rounded_waypoint,1,0.44999998807907104,0.0,0.4,0.1704999953508377,0.4837652594165817,0.03376527133751065,-0.04481394880109068,43,0.6162790697674418,0.16279069767441862,0.7209302325581395,0.3953488372093023,0.6744186046511628,0.6744186046511628,0.5626738194220309,0.2490150543856478
23,rounded_waypoint,1,0.44999998807907104,0.4,0.8,0.1704999953508377,0.49782881953499536,0.047828831455924294,0.05131816884604328,44,0.75,0.0,0.8636363636363636,0.75,0.7272727272727273,0.6590909090909091,0.31331559651780094,-0.32927976548242166
23,rounded_waypoint,1,0.44999998807907104,0.8,1.2000000000000002,0.1704999953508377,0.5090727125987028,0.0590727245196318,0.06958969592436713,39,0.5833333333333334,0.0,0.46153846153846156,0.5641025641025641,0.6666666666666666,0.6410256410256411,0.5316969383151259,-0.6023398567833231
23,rounded_waypoint,1,0.44999998807907104,1.2000000000000002,1.6,0.1704999953508377,0.4321272397363508,-0.01787274834272024,0.12237849414670703,37,0.5405405405405406,0.0,0.6216216216216216,0.24324324324324326,0.5675675675675675,0.7297297297297297,0.38648680477692865,-0.4957188502352494
23,rounded_waypoint,1,0.44999998807907104,1.6,2.0,0.29319998621940613,0.45012197801561066,0.00012198993653962107,0.13081851588595905,33,0.5303030303030303,0.030303030303030304,0.5757575757575758,0.5151515151515151,0.5757575757575758,0.45454545454545453,0.5879331359085274,-0.5321857400561699
23,rounded_waypoint,1,0.44999998807907104,2.0,2.4000000000000004,0.29319998621940613,0.3739251868199494,-0.07607480125912165,0.16415246108830864,59,0.6949152542372882,0.0,0.7288135593220338,0.6610169491525424,0.559322033898305,0.8305084745762712,0.28853303827646876,-0.15438464168475038
23,rounded_waypoint,1,0.44999998807907104,2.4000000000000004,2.8000000000000003,0.29319998621940613,0.5737187377044133,0.12371874962534224,0.19657079574039846,35,0.6928571428571428,0.0,0.5428571428571428,0.6857142857142857,0.8,0.7428571428571429,0.39343331406239623,-0.28647119692541556
23,rounded_waypoint,1,0.44999998807907104,2.8000000000000003,3.2,0.29319998621940613,0.35488145612180233,-0.09511853195726871,0.16249844849109454,56,0.7410714285714286,0.0,0.6428571428571429,0.6607142857142857,0.7678571428571429,0.8928571428571429,0.31686999564414214,-0.2407617516761989
23,rounded_waypoint,1,0.44999998807907104,3.2,3.6,0.29319998621940613,0.3597221777394966,-0.09027781033957447,0.0637938946043985,54,0.7129629629629629,0.0,0.6666666666666666,0.6666666666666666,0.8148148148148148,0.7037037037037037,0.3280292000453773,-0.31193479928491175
23,rounded_waypoint,1,0.44999998807907104,3.6,4.0,0.29319998621940613,0.42080949544906615,-0.029190492630004884,-0.004430751834599635,35,0.6571428571428571,0.0,0.6571428571428571,0.6285714285714286,0.6857142857142857,0.6571428571428571,0.24176250765484242,-0.20306149180074054
24,hard_waypoint,0,0.3499999940395355,0.0,0.4,0.29319998621940613,0.33501245606629576,-0.014987537973239774,-0.017868851127683234,61,0.610655737704918,0.01639344262295082,0.7377049180327869,0.45901639344262296,0.639344262295082,0.6065573770491803,0.3198528829772402,-0.13549451680887686
24,hard_waypoint,0,0.3499999940395355,0.4,0.8,0.29319998621940613,0.44816137353579205,0.09816137949625652,0.02966667396492405,45,0.65,0.0,0.6,0.8,0.6222222222222222,0.5777777777777777,0.3164649155869441,-0.09187627104275148
24,hard_waypoint,0,0.3499999940395355,0.8,1.2000000000000002,0.29319998621940613,0.43696422599579976,0.08696423195626425,0.0683260956821231,46,0.6141304347826086,0.0,0.6086956521739131,0.6521739130434783,0.5434782608695652,0.6521739130434783,0.4835136697410377,-0.5893772200809582
24,hard_waypoint,0,0.3499999940395355,1.2000000000000002,1.6,0.2834618917060277,0.3205523382547119,-0.02944765578482359,0.17487304329682854,63,0.6984126984126984,0.0,0.7142857142857143,0.5873015873015873,0.8571428571428571,0.6349206349206349,0.19391825127278817,-0.34647557988622696
24,hard_waypoint,0,0.3499999940395355,1.6,2.0,0.1704999953508377,0.5009127226140764,0.15091272857454088,0.1869444554713032,36,0.6319444444444444,0.0,0.5277777777777778,0.6111111111111112,0.6388888888888888,0.75,0.6577762701147132,-0.5279324013774103
24,hard_waypoint,0,0.3499999940395355,2.0,2.4000000000000004,0.1704999953508377,0.31492411920970137,-0.03507587482983416,0.22943940038211338,66,0.8181818181818182,0.0,0.6666666666666666,0.8636363636363636,0.8484848484848485,0.8939393939393939,0.381819038732686,-0.2178383514324173
24,hard_waypoint,0,0.3499999940395355,2.4000000000000004,2.8000000000000003,0.1704999953508377,0.3502035076762068,0.0002035136366712636,0.19046552723646068,58,0.728448275862069,0.0,0.7413793103448276,0.8275862068965517,0.7068965517241379,0.6379310344827587,0.3685534620787448,-0.2755871711429383
24,hard_waypoint,0,0.3499999940395355,2.8000000000000003,3.2,0.1704999953508377,0.4458123807880012,0.09581238674846562,0.2554090587821863,44,0.7386363636363636,0.0,0.6590909090909091,0.7727272727272727,0.6136363636363636,0.9090909090909091,0.42250151589742996,-0.223382789550176
24,hard_waypoint,0,0.3499999940395355,3.2,3.6,0.1704999953508377,0.33133816545208294,-0.01866182858745257,0.28316638491550966,60,0.7166666666666667,0.0,0.6666666666666666,0.7166666666666667,0.6333333333333333,0.85,0.19405688464106394,-0.2025554031761131
24,hard_waypoint,0,0.3499999940395355,3.6,4.0,0.1704999953508377,0.16999979282126707,-0.18000020121826846,0.121940592436228,85,0.8588235294117647,0.0,0.9294117647058824,0.8941176470588236,0.788235294117647,0.8235294117647058,0.1681396892254795,-0.04470988341069596
25,hard_waypoint,1,0.3499999940395355,0.0,0.4,0.29319998621940613,0.36891383674394873,0.01891384270441319,-0.025357142258435574,56,0.5089285714285714,0.017857142857142856,0.6071428571428571,0.4107142857142857,0.48214285714285715,0.5357142857142857,0.35345618576943616,-0.3179809033144946
25,hard_waypoint,1,0.3499999940395355,0.4,0.8,0.29319998621940613,0.3118954651188432,-0.03810452892069231,0.04638596561498787,57,0.6271929824561403,0.0,0.6491228070175439,0.5263157894736842,0.6491228070175439,0.6842105263157895,0.349115028360404,-0.21241676124957287
25,hard_waypoint,1,0.3499999940395355,0.8,1.2000000000000002,0.29319998621940613,0.36434790045022963,0.014347906410694122,-0.04150000343720161,60,0.7041666666666667,0.0,0.6333333333333333,0.65,0.7166666666666667,0.8166666666666667,0.49531128874297214,-0.37467264531278477
25,hard_waypoint,1,0.3499999940395355,1.2000000000000002,1.6,0.29319998621940613,0.6351331761106849,0.28513318207114935,0.09549964044988113,32,0.6484375,0.0,0.5,0.5625,0.65625,0.875,0.3440106058172124,-0.4627449293985627
25,hard_waypoint,1,0.3499999940395355,1.6,2.0,0.1704999953508377,0.3467869847454131,-0.0032130092941224575,0.2558993036150926,50,0.695,0.0,0.52,0.7,0.86,0.7,0.5422825038333481,-0.3604889669283031
25,hard_waypoint,1,0.3499999940395355,2.0,2.4000000000000004,0.1704999953508377,0.4128811316830771,0.06288113764354161,0.25352977701839063,49,0.7551020408163265,0.0,0.673469387755102,0.7755102040816326,0.8163265306122449,0.7551020408163265,0.6222355058497657,-0.3183465205668909
25,hard_waypoint,1,0.3499999940395355,2.4000000000000004,2.8000000000000003,0.1704999953508377,0.41249415856234883,0.06249416452281329,0.31542736625671297,49,0.7040816326530612,0.0,0.6530612244897959,0.7142857142857143,0.6326530612244898,0.8163265306122449,0.6466834182889841,-0.42769936169150813
25,hard_waypoint,1,0.3499999940395355,2.8000000000000003,3.2,0.1704999953508377,0.22651531790693602,-0.12348467613259952,0.3201319882869709,75,0.8166666666666667,0.0,0.68,0.8666666666666667,0.9466666666666667,0.7733333333333333,0.40508256352565786,-0.14074584603406354
25,hard_waypoint,1,0.3499999940395355,3.2,3.6,0.1704999953508377,0.23796087592130616,-0.11203911811822936,0.12968949567420007,84,0.9077380952380952,0.0,0.9523809523809523,0.8452380952380952,0.9166666666666666,0.9166666666666666,0.24109640512165004,-0.09821837727685473
25,hard_waypoint,1,0.3499999940395355,3.6,4.0,0.1704999953508377,0.28501155346632,-0.06498844057321548,-0.00910080617666381,50,0.84,0.0,0.98,0.78,0.82,0.78,0.1518255537785581,-0.17449144714462822
26,hard_waypoint,0,0.3499999940395355,0.0,0.4,0.1704999953508377,0.42856052875518796,0.07856053471565247,-0.0034999990314245988,50,0.66,0.14,0.72,0.6,0.58,0.74,0.5770558518893529,0.1808415080056664
26,hard_waypoint,0,0.3499999940395355,0.4,0.8,0.1704999953508377,0.4835179504894075,0.13351795644987197,0.12269048126254743,42,0.7738095238095238,0.0,0.8095238095238095,0.8571428571428571,0.6666666666666666,0.7619047619047619,0.36663451787339235,-0.2057312449865817
26,hard_waypoint,0,0.3499999940395355,0.8,1.2000000000000002,0.1704999953508377,0.5539233187834421,0.20392332474390665,0.2557222200499638,36,0.8125,0.0,0.9444444444444444,0.8333333333333334,0.5833333333333334,0.8888888888888888,0.2217004848208321,-0.18154694921555806
26,hard_waypoint,0,0.3499999940395355,1.2000000000000002,1.6,0.18237418801553787,0.640280710112664,0.2902807160731285,0.42093549748774456,31,0.6370967741935484,0.0,0.6451612903225806,0.5483870967741935,0.7741935483870968,0.5806451612903226,0.39231823898079216,-0.5201869901087949
26,hard_waypoint,0,0.3499999940395355,1.6,2.0,0.29319998621940613,0.29856695656975113,-0.05143303746978442,0.49583334527412987,60,0.7166666666666667,0.0,0.55,0.7833333333333333,0.7666666666666667,0.7666666666666667,0.5424834233536785,-0.2279381051109462
26,hard_waypoint,0,0.3499999940395355,2.0,2.4000000000000004,0.29319998621940613,0.22177050901310785,-0.12822948502642767,0.38672526305062366,91,0.6923076923076923,0.0,0.6923076923076923,0.5934065934065934,0.6813186813186813,0.8021978021978022,0.24661881484856046,-0.2956162158964264
26,hard_waypoint,0,0.3499999940395355,2.4000000000000004,2.8000000000000003,0.29319998621940613,0.25393694448165405,-0.09606304955788147,0.1743461614740191,78,0.6955128205128205,0.0,0.5769230769230769,0.7435897435897436,0.7692307692307693,0.6923076923076923,0.3654318617168375,-0.2424505984041689
26,hard_waypoint,0,0.3499999940395355,2.8000000000000003,3.2,0.29319998621940613,0.3175209655330099,-0.032479028506525634,0.08381032112754505,58,0.7112068965517241,0.017241379310344827,0.7068965517241379,0.7068965517241379,0.5862068965517241,0.8448275862068966,0.38065630278562856,-0.08389406475877902
26,hard_waypoint,0,0.3499999940395355,3.2,3.6,0.29319998621940613,0.27141500223581105,-0.07858499180372447,0.08408188882919077,73,0.6404109589041096,0.0136986301369863,0.6438356164383562,0.6301369863013698,0.6027397260273972,0.684931506849315,0.4459272069196071,-0.20571400143524662
26,hard_waypoint,0,0.3499999940395355,3.6,4.0,0.29319998621940613,0.36403349600732327,0.014033501967787743,-0.004500583589078388,40,0.66875,0.0,0.725,0.575,0.6,0.775,0.08170912566256902,-0.30820883808554606
27,hard_waypoint,1,0.3499999940395355,0.0,0.4,0.1704999953508377,0.4424124352808576,0.09241244124132209,-0.007833332297081821,48,0.6458333333333334,0.125,0.7083333333333334,0.6041666666666666,0.5625,0.7083333333333334,0.6713450074780752,0.1556279775640215
27,hard_waypoint,1,0.3499999940395355,0.4,0.8,0.1704999953508377,0.3107307806545705,-0.03926921338496501,0.0799298272467494,57,0.7631578947368421,0.0,0.8596491228070176,0.7192982456140351,0.7368421052631579,0.7368421052631579,0.174977405101005,-0.21873457992830933
27,hard_waypoint,1,0.3499999940395355,0.8,1.2000000000000002,0.1704999953508377,0.5758975885416332,0.22589759450209768,0.12286839890793719,38,0.75,0.0,0.8157894736842105,0.7105263157894737,0.7368421052631579,0.7368421052631579,0.37092656476288216,-0.2668280153482381
27,hard_waypoint,1,0.3499999940395355,1.2000000000000002,1.6,0.1704999953508377,0.6209234818816185,0.270923487842083,0.3154996304661031,32,0.6171875,0.0,0.5,0.625,0.8125,0.53125,0.4040204801357936,-0.47464333490941923
27,hard_waypoint,1,0.3499999940395355,1.6,2.0,0.29319998621940613,0.27931300164558565,-0.07068699239394986,0.3989992969861391,65,0.6846153846153846,0.0,0.5076923076923077,0.7692307692307693,0.7692307692307693,0.6923076923076923,0.5318191516322212,-0.41573497160359363
27,hard_waypoint,1,0.3499999940395355,2.0,2.4000000000000004,0.29319998621940613,0.25637235167698985,-0.0936276423625457,0.2735760730397999,78,0.7275641025641025,0.0,0.717948717948718,0.7307692307692307,0.717948717948718,0.7435897435897436,0.30423555748934433,-0.21492277919968725
27,hard_waypoint,1,0.3499999940395355,2.4000000000000004,2.8000000000000003,0.29319998621940613,0.4186340682208538,0.06863407418131828,0.2253321225245785,48,0.5416666666666666,0.041666666666666664,0.5416666666666666,0.5208333333333334,0.5416666666666666,0.5625,0.41309097756209306,-0.21606277405693036
27,hard_waypoint,1,0.3499999940395355,2.8000000000000003,3.2,0.29319998621940613,0.27609943474332493,-0.0739005592962106,0.3159986791412024,48,0.6875,0.0,0.5208333333333334,0.7708333333333334,0.75,0.7083333333333334,0.5432449581599198,-0.30099228202035033
27,hard_waypoint,1,0.3499999940395355,3.2,3.6,0.29319998621940613,0.2020844491574951,-0.14791554488204042,0.16263535749671307,99,0.7727272727272727,0.0,0.797979797979798,0.696969696969697,0.7070707070707071,0.8888888888888888,0.4461002974709826,-0.16060377332561676
27,hard_waypoint,1,0.3499999940395355,3.6,4.0,0.29319998621940613,0.26180833198807457,-0.08819166205146096,-0.04763715722344273,55,0.7681818181818182,0.0,0.8,0.6545454545454545,0.7454545454545455,0.8727272727272727,0.37962042823416187,-0.22743893077498023
28,hard_waypoint,0,0.44999998807907104,0.0,0.4,0.29319998621940613,0.6007721419963572,0.15077215391728613,0.014722224254574935,36,0.5972222222222222,0.027777777777777776,0.6111111111111112,0.4722222222222222,0.5833333333333334,0.7222222222222222,0.5555322459287869,-0.3052145358712567
28,hard_waypoint,0,0.44999998807907104,0.4,0.8,0.29319998621940613,0.3767031528628789,-0.0732968352161921,0.07342308959364854,52,0.7115384615384616,0.0,0.7884615384615384,0.6538461538461539,0.7115384615384616,0.6923076923076923,0.39250889817097817,-0.36364391251710426
28,hard_waypoint,0,0.44999998807907104,0.8,1.2000000000000002,0.29319998621940613,0.4685898534087248,0.018589865329653718,0.05527908365116507,43,0.6453488372093024,0.0,0.5813953488372093,0.5348837209302325,0.8837209302325582,0.5813953488372093,0.4556077624149859,-0.5495250368502456
28,hard_waypoint,0,0.44999998807907104,1.2000000000000002,1.6,0.2839974869042635,0.5119645241647959,0.06196453608572483,0.04250003975629717,40,0.55625,0.0,0.45,0.575,0.75,0.45,0.6337551664022236,-0.540239588749912
28,hard_waypoint,0,0.44999998807907104,1.6,2.0,0.1704999953508377,0.5904111365477244,0.14041114846865335,0.15316670191287898,30,0.7083333333333334,0.0,0.8666666666666667,0.6,0.6,0.7666666666666667,0.6701253643029402,-0.38534946203581266
28,hard_waypoint,0,0.44999998807907104,2.0,2.4000000000000004,0.1704999953508377,0.444683368218706,-0.005316619860365036,0.18910642851159792,47,0.723404255319149,0.0,0.5531914893617021,0.7872340425531915,0.8723404255319149,0.6808510638297872,0.5012324163178252,-0.29410440775886193
28,hard_waypoint,0,0.44999998807907104,2.4000000000000004,2.8000000000000003,0.1704999953508377,0.5241985517112833,0.07419856363221218,0.20886843409663633,38,0.6907894736842105,0.0,0.6578947368421053,0.7105263157894737,0.7368421052631579,0.6578947368421053,0.5950967576527404,-0.2584857208126361
28,hard_waypoint,0,0.44999998807907104,2.8000000000000003,3.2,0.1704999953508377,0.5629987219969431,0.11299873391787212,0.29961111231644744,36,0.6944444444444444,0.0,0.6944444444444444,0.8055555555555556,0.5,0.7777777777777778,0.5035151907083804,-0.2820621051486044
28,hard_waypoint,0,0.44999998807907104,3.2,3.6,0.1704999953508377,0.39726254165172575,-0.05273744642734528,0.31829973900317954,50,0.75,0.0,0.72,0.8,0.68,0.8,0.4333359214473254,-0.2911516025863633
28,hard_waypoint,0,0.44999998807907104,3.6,4.0,0.1704999953508377,0.2251081088002138,-0.22489187927885723,0.12537446142732867,64,0.7890625,0.0,0.90625,0.796875,0.671875,0.78125,0.1576598772897153,0.03587246608979576
29,hard_waypoint,1,0.44999998807907104,0.0,0.4,0.29319998621940613,0.4099755070817012,-0.04002448099736984,-0.04873076363079838,52,0.5192307692307693,0.038461538461538464,0.6346153846153846,0.34615384615384615,0.5769230769230769,0.5192307692307693,0.26147734280374946,-0.29861944360280035
29,hard_waypoint,1,0.44999998807907104,0.4,0.8,0.29319998621940613,0.4791821660473943,0.02918217796832323,0.0012500106170769687,32,0.5546875,0.0,0.59375,0.5,0.65625,0.46875,0.4275192956741996,-0.4515262761235306
29,hard_waypoint,1,0.44999998807907104,0.8,1.2000000000000002,0.29319998621940613,0.6107158677445518,0.16071587966548073,0.07427776756551473,36,0.5625,0.0,0.5555555555555556,0.3888888888888889,0.75,0.5555555555555556,0.5424427542439655,-0.5894695641816181
29,hard_waypoint,1,0.44999998807907104,1.2000000000000002,1.6,0.29319998621940613,0.6698915650447209,0.21989157696564993,0.2188329759041461,30,0.6166666666666667,0.0,0.5,0.5666666666666667,0.6,0.8,0.5648620680429568,-0.6268669485126646
29,hard_waypoint,1,0.44999998807907104,1.6,2.0,0.1704999953508377,0.39847640015862207,-0.051523587920449,0.3435751147559186,33,0.6212121212121212,0.0,0.3333333333333333,0.6363636363636364,0.7878787878787878,0.7272727272727273,0.4826639629193593,-0.44901098630903985
29,hard_waypoint,1,0.44999998807907104,2.0,2.4000000000000004,0.1704999953508377,0.3896294968823592,-0.06037049119671186,0.3225089940744277,51,0.7352941176470589,0.0,0.7254901960784313,0.7058823529411765,0.803921568627451,0.7058823529411765,0.3469765389812241,-0.36022754764100573
29,hard_waypoint,1,0.44999998807907104,2.4000000000000004,2.8000000000000003,0.1704999953508377,0.5055783338844776,0.05557834580540657,0.33849881076812594,40,0.8,0.0,0.675,0.775,0.8,0.95,0.28233230694065403,-0.23527858987945244
29,hard_waypoint,1,0.44999998807907104,2.8000000000000003,3.2,0.1704999953508377,0.3490320056518342,-0.10096798242723688,0.36529658175021856,47,0.75,0.0,0.574468085106383,0.7659574468085106,0.9574468085106383,0.7021276595744681,0.3201265761004599,-0.21580107297639256
29,hard_waypoint,1,0.44999998807907104,3.2,3.6,0.1704999953508377,0.40681973495045487,-0.043180253128616175,0.32928475800825446,49,0.7653061224489796,0.0,0.7551020408163265,0.7551020408163265,0.7755102040816326,0.7755102040816326,0.4897820102024947,-0.2495334886102755
29,hard_waypoint,1,0.44999998807907104,3.6,4.0,0.1704999953508377,0.2157444080421284,-0.23425558003694263,0.13717831996305435,67,0.8843283582089553,0.0,0.9552238805970149,0.8955223880597015,0.7761194029850746,0.9104477611940298,0.4104016412240533,-0.1117029515196899
30,hard_waypoint,0,0.44999998807907104,0.0,0.4,0.1704999953508377,0.4846035169194574,0.03460352884038635,-0.04163042990085885,46,0.5978260869565217,0.13043478260869565,0.717391304347826,0.5869565217391305,0.5,0.5869565217391305,0.6562072986987444,0.030962839565033377
30,hard_waypoint,0,0.44999998807907104,0.4,0.8,0.1704999953508377,0.623729377053678,0.173729388974607,0.0627500111646947,32,0.75,0.0,0.8125,0.71875,0.75,0.71875,0.49808346668141695,-0.2570325369790126
30,hard_waypoint,0,0.44999998807907104,0.8,1.2000000000000002,0.1704999953508377,0.6683980107307435,0.21839802265167235,0.1835000161329899,30,0.6833333333333333,0.0,0.6666666666666666,0.7333333333333333,0.6,0.7333333333333333,0.4758748311158032,-0.47049331641299474
30,hard_waypoint,0,0.44999998807907104,1.2000000000000002,1.6,0.18583749420940876,0.6281212037429214,0.1781212156638503,0.31225001478195136,32,0.6484375,0.0,0.6875,0.46875,0.71875,0.71875,0.6077606494183418,-0.5438414012843389
30,hard_waypoint,0,0.44999998807907104,1.6,2.0,0.29319998621940613,0.3144139459934728,-0.13558604208559827,0.27798279101684076,58,0.7025862068965517,0.0,0.5689655172413793,0.7241379310344828,0.7413793103448276,0.7758620689655172,0.44405083956607516,-0.38315245918053553
30,hard_waypoint,0,0.44999998807907104,2.0,2.4000000000000004,0.29319998621940613,0.3691703747121655,-0.08082961336690553,0.17995921508633225,49,0.6326530612244898,0.0,0.5510204081632653,0.6122448979591837,0.673469387755102,0.6938775510204082,0.2703587551557002,-0.1780657148586508
30,hard_waypoint,0,0.44999998807907104,2.4000000000000004,2.8000000000000003,0.29319998621940613,0.4462594833638933,-0.003740504715177748,0.20655558323860027,45,0.6444444444444445,0.0,0.6666666666666666,0.6,0.6444444444444445,0.6666666666666666,0.5600965706999793,-0.40695043301685185
30,hard_waypoint,0,0.44999998807907104,2.8000000000000003,3.2,0.29319998621940613,0.41750616241585126,-0.032493825663219796,0.1848636377616347,44,0.6761363636363636,0.0,0.6363636363636364,0.7272727272727273,0.6136363636363636,0.7272727272727273,0.4215439676426263,-0.23605955813832583
30,hard_waypoint,0,0.44999998807907104,3.2,3.6,0.29319998621940613,0.2957477171752435,-0.15425227090382754,0.1351191357818981,67,0.7350746268656716,0.0,0.7761194029850746,0.6567164179104478,0.7313432835820896,0.7761194029850746,0.36281043205907915,-0.23575097702084247
30,hard_waypoint,0,0.44999998807907104,3.6,4.0,0.29319998621940613,0.44954216573387384,-0.0004578223451972008,-0.002750523447993203,32,0.59375,0.0,0.53125,0.59375,0.59375,0.65625,0.23173678037938789,-0.23186457649372644
31,hard_waypoint,1,0.44999998807907104,0.0,0.4,0.1704999953508377,0.49191038293594663,0.041910394856875595,-0.048045449539341846,44,0.5852272727272727,0.1590909090909091,0.6590909090909091,0.5227272727272727,0.5454545454545454,0.6136363636363636,0.5968484154060333,0.003444183024680484
31,hard_waypoint,1,0.44999998807907104,0.4,0.8,0.1704999953508377,0.47576496671689184,0.025764978637820797,0.04802632261263661,38,0.7171052631578947,0.0,0.9210526315789473,0.5789473684210527,0.7105263157894737,0.6578947368421053,0.5184640738209998,-0.28856840910662845
31,hard_waypoint,1,0.44999998807907104,0.8,1.2000000000000002,0.1704999953508377,0.44201591074466706,-0.007984077334403991,0.030299997925757792,50,0.62,0.0,0.64,0.6,0.74,0.5,0.3213164689701791,-0.3447553540255912
31,hard_waypoint,1,0.44999998807907104,1.2000000000000002,1.6,0.1704999953508377,0.7211620733141899,0.27116208523511887,0.11907107595034917,28,0.5625,0.0,0.5357142857142857,0.5357142857142857,0.6071428571428571,0.5714285714285714,0.5344332900276115,-0.5604797697068151
31,hard_waypoint,1,0.44999998807907104,1.6,2.0,0.29319998621940613,0.33576356590030687,-0.11423642217876419,0.12988822567273595,63,0.6904761904761905,0.0,0.5238095238095238,0.6349206349206349,0.873015873015873,0.7301587301587301,0.3638521097704693,-0.32744196932058084
31,hard_waypoint,1,0.44999998807907104,2.0,2.4000000000000004,0.29319998621940613,0.34457744683684977,-0.10542254124222131,-0.06419045437204549,58,0.646551724137931,0.0,0.5517241379310345,0.6724137931034483,0.7241379310344828,0.6379310344827587,0.5874452793838078,-0.46409127878097917
31,hard_waypoint,1,0.44999998807907104,2.4000000000000004,2.8000000000000003,0.29319998621940613,0.35826611019937055,-0.09173387787970048,-0.12650119629928216,56,0.5580357142857143,0.03571428571428571,0.375,0.625,0.5714285714285714,0.6607142857142857,0.15730992153979378,-0.04550652266480433
31,hard_waypoint,1,0.44999998807907104,2.8000000000000003,3.2,0.29319998621940613,0.2907192511856556,-0.15928073689341546,-0.10740128207206907,25,0.51,0.08,0.2,0.72,0.76,0.36,0.6795997705725502,-0.2552753479246186
31,hard_waypoint,1,0.44999998807907104,3.2,3.6,0.29319998621940613,0.42495975881180864,-0.025040229267262397,-0.03180943197392654,47,0.6329787234042553,0.0,0.48936170212765956,0.574468085106383,0.6382978723404256,0.8297872340425532,0.35478821307374125,-0.25638634275656047
31,hard_waypoint,1,0.44999998807907104,3.6,4.0,0.29319998621940613,0.4792680988709132,0.029268110791842144,-0.039500793576242664,30,0.6666666666666666,0.0,0.6333333333333333,0.6,0.8666666666666667,0.5666666666666667,0.2564776432446063,-0.26717374309784425
