time_s,requested_height,achieved_height,requested_vx,achieved_vx,achieved_vy,achieved_wz,done
0.0,0.2932,0.3104923963546753,0.4,0.011543737724423409,0.06908544152975082,0.01048432569950819,False
0.02,0.2932,0.31119439005851746,0.4,0.03488769382238388,0.06455903500318527,-0.003026737365871668,False
0.04,0.2932,0.3121448755264282,0.4,0.06145816296339035,0.05598054081201553,-0.005054573994129896,False
0.06,0.2932,0.3133937418460846,0.4,0.08673521876335144,0.04106645658612251,-0.008294405415654182,False
0.08,0.2932,0.3144993782043457,0.4,0.1111050471663475,0.02853030525147915,-0.013934110291302204,False
0.1,0.2932,0.31562837958335876,0.4,0.13497129082679749,0.014197846874594688,-0.03628417104482651,False
0.12,0.2932,0.316516637802124,0.4,0.15450185537338257,0.003915703855454922,-0.03707152605056763,False
0.14,0.2932,0.31765496730804443,0.4,0.17534326016902924,-0.005090863443911076,-0.044489502906799316,False
0.16,0.2932,0.3187100887298584,0.4,0.18792632222175598,-0.01624327339231968,-0.007163843140006065,False
0.18,0.2932,0.3196955621242523,0.4,0.19972389936447144,-0.02123560756444931,-0.03427363559603691,False
0.2,0.2932,0.3205077648162842,0.4,0.2048751562833786,-0.027393333613872528,-0.08273883163928986,False
0.22,0.2932,0.32117968797683716,0.4,0.20694933831691742,-0.03560148552060127,-0.036420952528715134,False
0.24,0.2932,0.3214816153049469,0.4,0.20253907144069672,-0.0370008610188961,0.0041750045493245125,False
0.26,0.2932,0.3217601776123047,0.4,0.1985558718442917,-0.04297856241464615,0.12319798022508621,False
0.28,0.2932,0.32205820083618164,0.4,0.18593907356262207,-0.040786515921354294,0.15223264694213867,False
0.3,0.2932,0.32203322649002075,0.4,0.17002765834331512,-0.0386970229446888,0.22306205332279205,False
0.32,0.2932,0.3221138119697571,0.4,0.1604849398136139,-0.03392718732357025,0.2801421284675598,False
0.34,0.2932,0.3219320774078369,0.4,0.1388917714357376,-0.031531721353530884,0.3408479690551758,False
0.36,0.2932,0.3220592439174652,0.4,0.1478894054889679,-0.029921917244791985,0.31731507182121277,False
0.38,0.2932,0.32228702306747437,0.4,0.11897935718297958,-0.043273959308862686,0.29823416471481323,False
0.4,0.2932,0.3223557770252228,0.4,0.11775742471218109,-0.04155086725950241,0.30063527822494507,False
0.42,0.2932,0.32253310084342957,0.4,0.0932098925113678,-0.06345546245574951,0.2050561159849167,False
0.44,0.2932,0.32270097732543945,0.4,0.0843082070350647,-0.062161047011613846,0.06463378667831421,False
0.46,0.2932,0.32234689593315125,0.4,0.058138228952884674,-0.06028030067682266,-0.10550931841135025,False
0.48,0.2932,0.3219664394855499,0.4,0.04056138917803764,-0.05529014393687248,-0.21505168080329895,False
0.5,0.2932,0.3214704394340515,0.4,0.018396971747279167,-0.053237516433000565,-0.2336747795343399,False
0.52,0.2932,0.32047587633132935,0.4,0.03218190744519234,-0.05564252659678459,-0.1380481868982315,False
0.54,0.2932,0.31933701038360596,0.4,0.04280994459986687,-0.050819117575883865,-0.09668607264757156,False
0.56,0.2932,0.31813928484916687,0.4,0.06951030343770981,-0.05368996039032936,-0.05245209485292435,False
0.58,0.2932,0.3170638382434845,0.4,0.09138331562280655,-0.0452033095061779,-0.10232570767402649,False
0.6,0.2932,0.3161523938179016,0.4,0.12020253390073776,-0.050322629511356354,-0.09161773324012756,False
0.62,0.2932,0.3156614899635315,0.4,0.13615097105503082,-0.032832738012075424,-0.11863545328378677,False
0.64,0.2932,0.3155488669872284,0.4,0.1626100391149521,-0.030456025153398514,-0.15480825304985046,False
0.66,0.2932,0.3156602382659912,0.4,0.18728362023830414,-0.0187819991260767,-0.1479882299900055,False
0.68,0.2932,0.3159615099430084,0.4,0.21836185455322266,-0.00739434314891696,-0.16926109790802002,False
0.7000000000000001,0.2932,0.31628865003585815,0.4,0.2421332597732544,0.00745648518204689,-0.10070988535881042,False
0.72,0.2932,0.31705015897750854,0.4,0.2566950023174286,0.019846448674798012,0.07915887981653214,False
0.74,0.2932,0.31744763255119324,0.4,0.2540556490421295,0.030314985662698746,0.3122759759426117,False
0.76,0.2932,0.3174745738506317,0.4,0.24053947627544403,0.023012753576040268,0.45188233256340027,False
0.78,0.2932,0.31737035512924194,0.4,0.23663704097270966,0.02107194811105728,0.3765048682689667,False
0.8,0.2932,0.3171742260456085,0.4,0.23670952022075653,0.013315148651599884,0.35923507809638977,False
0.8200000000000001,0.2932,0.31664392352104187,0.4,0.24673855304718018,0.013969473540782928,0.2722797393798828,False
0.84,0.2932,0.31586334109306335,0.4,0.25501298904418945,0.005824016407132149,0.351357102394104,False
0.86,0.2932,0.31488296389579773,0.4,0.2721605896949768,0.0037167519330978394,0.34889334440231323,False
0.88,0.2932,0.31394097208976746,0.4,0.28285112977027893,-0.0018507465720176697,0.4282839298248291,False
0.9,0.2932,0.3130102753639221,0.4,0.29911383986473083,-0.002285357564687729,0.41266703605651855,False
0.92,0.2932,0.3121119439601898,0.4,0.3151405453681946,-0.004634734243154526,0.48496705293655396,False
0.9400000000000001,0.2932,0.31116801500320435,0.4,0.3365325331687927,-0.00685926154255867,0.47038453817367554,False
0.96,0.2932,0.31034359335899353,0.4,0.36118999123573303,-0.013726938515901566,0.4842055141925812,False
0.98,0.2932,0.3094526529312134,0.4,0.3783280849456787,-0.02238011360168457,0.3902464807033539,False
1.0,0.2932,0.3092504143714905,0.4,0.38815072178840637,-0.04518797993659973,0.2371198982000351,False
1.02,0.2932,0.3090883195400238,0.4,0.3799740970134735,-0.0479871928691864,-0.020733410492539406,False
1.04,0.2932,0.3087439239025116,0.4,0.3601512610912323,-0.05754268169403076,-0.3014080822467804,False
1.06,0.2932,0.3083874583244324,0.4,0.3302479386329651,-0.055340737104415894,-0.36369866132736206,False
1.08,0.2932,0.30816593766212463,0.4,0.31634506583213806,-0.05692374333739281,-0.3301447927951813,False
1.1,0.2932,0.3079361021518707,0.4,0.3163474202156067,-0.05677048861980438,-0.20870999991893768,False
1.12,0.2932,0.3075742721557617,0.4,0.327538400888443,-0.05862904340028763,-0.1495920568704605,False
1.1400000000000001,0.2932,0.3068688213825226,0.4,0.34049656987190247,-0.05879221484065056,-0.13347163796424866,False
1.16,0.2932,0.3058614730834961,0.4,0.35896486043930054,-0.06157365441322327,-0.09724996984004974,False
1.18,0.2932,0.3047160506248474,0.4,0.3800243139266968,-0.06258442997932434,-0.09801431745290756,False
1.2,0.2932,0.3035028874874115,0.4,0.40495193004608154,-0.06847304105758667,-0.08420383185148239,False
1.22,0.2932,0.3027196228504181,0.4,0.4173084497451782,-0.055433809757232666,-0.08139512687921524,False
1.24,0.2932,0.30248817801475525,0.4,0.42013412714004517,-0.040542419999837875,-0.062304846942424774,False
1.26,0.2932,0.30270272493362427,0.4,0.43135687708854675,-0.022592734545469284,-0.01882239803671837,False
1.28,0.2932,0.30317696928977966,0.4,0.41676634550094604,-0.004877939820289612,0.08758758008480072,False
1.3,0.2932,0.3035816252231598,0.4,0.3929617702960968,0.006586454808712006,0.24753877520561218,False
1.32,0.2932,0.3040531277656555,0.4,0.35587626695632935,0.001616254448890686,0.23790651559829712,False
1.34,0.2932,0.3048188388347626,0.4,0.34611669182777405,-0.001846402883529663,0.18062254786491394,False
1.36,0.2932,0.30566033720970154,0.4,0.34528452157974243,-0.008481502532958984,0.15184366703033447,False
1.3800000000000001,0.2932,0.3060779273509979,0.4,0.3501877784729004,-0.006730485707521439,0.1303156018257141,False
1.4000000000000001,0.2932,0.30597350001335144,0.4,0.35511505603790283,-0.01656356081366539,0.16930055618286133,False
1.42,0.2932,0.3054094910621643,0.4,0.3637866973876953,-0.014585446566343307,0.17477524280548096,False
1.44,0.2932,0.304583340883255,0.4,0.3724525272846222,-0.021495532244443893,0.24820707738399506,False
1.46,0.2932,0.3036046028137207,0.4,0.38876789808273315,-0.021500393748283386,0.2843368649482727,False
1.48,0.2932,0.30259737372398376,0.4,0.40921780467033386,-0.025669649243354797,0.28613489866256714,False
1.5,0.2932,0.30164194107055664,0.4,0.43526872992515564,-0.023580297827720642,0.2972632646560669,False
1.52,0.2932,0.30110591650009155,0.4,0.43751469254493713,-0.03279241919517517,0.20417922735214233,False
1.54,0.2932,0.30110058188438416,0.4,0.4277796149253845,-0.039336174726486206,0.04674779996275902,False
1.56,0.2932,0.30105870962142944,0.4,0.40341779589653015,-0.043518126010894775,-0.12795479595661163,False
1.58,0.2932,0.3008542060852051,0.4,0.3643013536930084,-0.03567080944776535,-0.18555103242397308,False
1.6,0.2932,0.3009296655654907,0.4,0.3344525396823883,-0.029675224795937538,-0.21070170402526855,False
1.62,0.2932,0.30114126205444336,0.4,0.3313004970550537,-0.028345035389065742,-0.0796690583229065,False
1.6400000000000001,0.2932,0.3013271391391754,0.4,0.3306278586387634,-0.024855611845850945,-0.04001983255147934,False
1.6600000000000001,0.2932,0.3012259304523468,0.4,0.3385738432407379,-0.024763841181993484,0.011806848458945751,False
1.68,0.2932,0.30082353949546814,0.4,0.34504151344299316,-0.015308499336242676,-0.046290911734104156,False
1.7,0.2932,0.3001670837402344,0.4,0.3581492304801941,-0.013863623142242432,-0.03980333358049393,False
1.72,0.2932,0.299447238445282,0.4,0.37414973974227905,-0.0018985792994499207,-0.08124107867479324,False
1.74,0.2932,0.29864341020584106,0.4,0.39265966415405273,-0.004460133612155914,-0.10260076075792313,False
1.76,0.2932,0.2978726029396057,0.4,0.4200495481491089,0.006950318813323975,-0.15374505519866943,False
1.78,0.2932,0.2970077395439148,0.4,0.44337543845176697,0.006321072578430176,-0.14968664944171906,False
1.8,0.2932,0.29671090841293335,0.4,0.45818841457366943,0.02438867837190628,-0.1140766590833664,False
1.82,0.2932,0.2969363033771515,0.4,0.4423091411590576,0.03847578167915344,-0.043223168700933456,False
1.84,0.2932,0.29712578654289246,0.4,0.41410917043685913,0.04115632176399231,0.05645403638482094,False
1.86,0.2932,0.29747042059898376,0.4,0.37335827946662903,0.03088245540857315,0.0428384430706501,False
1.8800000000000001,0.2932,0.2982032299041748,0.4,0.36333271861076355,0.02189837396144867,0.013042641803622246,False
1.9000000000000001,0.2932,0.29912927746772766,0.4,0.35881996154785156,0.013739988207817078,-0.010470522567629814,False
1.92,0.2932,0.2997446358203888,0.4,0.36320552229881287,0.006657406687736511,0.03510506823658943,False
1.94,0.2932,0.2998277544975281,0.4,0.364276260137558,-0.0007166564464569092,0.10915042459964752,False
1.96,0.2932,0.29931655526161194,0.4,0.3678865134716034,-0.006893225014209747,0.16548115015029907,False
1.98,0.2932,0.2986263930797577,0.4,0.37383779883384705,-0.010391883552074432,0.19902876019477844,False
2.0,0.23,0.2979239225387573,0.4,0.3875502645969391,-0.016756359487771988,0.16684983670711517,False
2.02,0.23,0.2973968982696533,0.4,0.4069887399673462,-0.02367720752954483,0.11881500482559204,False
2.04,0.23,0.2969832420349121,0.4,0.43154627084732056,-0.028037119656801224,0.047447822988033295,False
2.06,0.23,0.2972739040851593,0.4,0.4317454397678375,-0.03793691471219063,-0.00818774662911892,False
2.08,0.23,0.29756781458854675,0.4,0.4281274974346161,-0.03936593979597092,-0.08838851749897003,False
2.1,0.23,0.2976985573768616,0.4,0.3964783549308777,-0.0363389253616333,-0.14337986707687378,False
2.12,0.23,0.2970776855945587,0.4,0.35875335335731506,-0.0373251810669899,-0.08909246325492859,False
2.14,0.23,0.29606178402900696,0.4,0.34750160574913025,-0.026208970695734024,-0.12879745662212372,False
2.16,0.23,0.29430389404296875,0.4,0.3435535728931427,-0.029411323368549347,-0.17184078693389893,False
2.18,0.23,0.2916492521762848,0.4,0.34299132227897644,-0.016643695533275604,-0.38581159710884094,False
2.2,0.23,0.2881195545196533,0.4,0.34131816029548645,-0.016201354563236237,-0.5373271703720093,False
2.22,0.23,0.28381776809692383,0.4,0.3415067493915558,-0.0032806992530822754,-0.733965277671814,False
2.24,0.23,0.27885594964027405,0.4,0.34402233362197876,-0.006642751395702362,-0.8660861849784851,False
2.2600000000000002,0.23,0.273734450340271,0.4,0.3446808457374573,0.0020218640565872192,-0.9767583012580872,False
2.2800000000000002,0.23,0.2685887813568115,0.4,0.35398468375205994,-0.007642919197678566,-0.98712557554245,False
2.3000000000000003,0.23,0.26397210359573364,0.4,0.3583321273326874,-0.0026742368936538696,-0.9270035624504089,False
2.32,0.23,0.2601543366909027,0.4,0.3585205078125,-0.00230243057012558,-0.6745493412017822,False
2.34,0.23,0.25715869665145874,0.4,0.35144200921058655,0.018080543726682663,-0.47110459208488464,False
2.36,0.23,0.2545989751815796,0.4,0.34771233797073364,0.01559192594140768,-0.27219358086586,False
2.38,0.23,0.25254273414611816,0.4,0.3349594473838806,0.03731323778629303,-0.1693374514579773,False
2.4,0.23,0.25054413080215454,0.4,0.3174532353878021,0.023786358535289764,-0.007331464439630508,False
2.42,0.23,0.24892659485340118,0.4,0.28647470474243164,0.034996725618839264,0.07178506255149841,False
2.44,0.23,0.2476283609867096,0.4,0.25589820742607117,0.031961411237716675,0.0981992557644844,False
2.46,0.23,0.24632205069065094,0.4,0.26235923171043396,0.04214974120259285,0.11631740629673004,False
2.48,0.23,0.24536138772964478,0.4,0.2580544352531433,0.03523942828178406,0.1436886042356491,False
2.5,0.23,0.24484045803546906,0.4,0.2572631537914276,0.007107947021722794,0.35588228702545166,False
2.52,0.23,0.24437332153320312,0.4,0.2531588077545166,-0.015815557911992073,0.35909369587898254,False
2.54,0.23,0.2438185065984726,0.4,0.2434179037809372,-0.04374973475933075,0.37201550602912903,False
2.56,0.23,0.2431941032409668,0.4,0.2351228892803192,-0.054229263216257095,0.2987360656261444,False
2.58,0.23,0.24252822995185852,0.4,0.22634106874465942,-0.07385435700416565,0.161464661359787,False
2.6,0.23,0.24194346368312836,0.4,0.22772741317749023,-0.07510483264923096,0.08729399740695953,False
2.62,0.23,0.24144896864891052,0.4,0.22273097932338715,-0.08966140449047089,-0.04906253516674042,False
2.64,0.23,0.2409275770187378,0.4,0.23492680490016937,-0.08537211269140244,-0.09153012931346893,False
2.66,0.23,0.24048641324043274,0.4,0.23275212943553925,-0.1031309962272644,-0.2068408727645874,False
2.68,0.23,0.2402101755142212,0.4,0.2529221475124359,-0.09635927528142929,-0.1328253448009491,False
2.7,0.23,0.2398425042629242,0.4,0.25373199582099915,-0.11300446093082428,-0.14892534911632538,False
2.72,0.23,0.23965910077095032,0.4,0.2753545343875885,-0.10194773226976395,-0.13748055696487427,False
2.74,0.23,0.23956897854804993,0.4,0.27923664450645447,-0.10868752747774124,-0.19042973220348358,False
2.7600000000000002,0.23,0.2394953817129135,0.4,0.303960382938385,-0.09845871478319168,-0.2809845805168152,False
2.7800000000000002,0.23,0.23941285908222198,0.4,0.32721802592277527,-0.10359916090965271,-0.3855437934398651,False
2.8000000000000003,0.23,0.2393120676279068,0.4,0.35614386200904846,-0.08851832151412964,-0.3521144390106201,False
2.82,0.23,0.23935715854167938,0.4,0.3811875283718109,-0.08582416921854019,-0.309121698141098,False
2.84,0.23,0.2396666258573532,0.4,0.4073856770992279,-0.07547009736299515,-0.26503002643585205,False
2.86,0.23,0.24009007215499878,0.4,0.441167414188385,-0.07381259649991989,-0.17628571391105652,False
2.88,0.23,0.2407676726579666,0.4,0.46644094586372375,-0.06119327247142792,-0.20864537358283997,False
2.9,0.23,0.242280513048172,0.4,0.48274052143096924,-0.0436321496963501,-0.09394723176956177,False
2.92,0.23,0.24399206042289734,0.4,0.48705756664276123,-0.03275883197784424,0.1429840475320816,False
2.94,0.23,0.24499104917049408,0.4,0.46634775400161743,-0.028792664408683777,0.20832785964012146,False
2.96,0.23,0.2451230138540268,0.4,0.4658010005950928,-0.02846662700176239,0.19684773683547974,False
2.98,0.23,0.24512217938899994,0.4,0.4719952344894409,-0.03430906683206558,0.2607475817203522,False
3.0,0.23,0.24498754739761353,0.4,0.4823204278945923,-0.03888773173093796,0.2984645366668701,False
3.02,0.23,0.24448315799236298,0.4,0.48947420716285706,-0.04278377443552017,0.40699881315231323,False
3.04,0.23,0.243326336145401,0.4,0.4907563030719757,-0.04456968978047371,0.4055059850215912,False
3.06,0.23,0.24158695340156555,0.4,0.49898362159729004,-0.046233318746089935,0.5107085108757019,False
3.08,0.23,0.23953473567962646,0.4,0.5073301196098328,-0.0339604951441288,0.5417062640190125,False
3.1,0.23,0.23787973821163177,0.4,0.5075368285179138,-0.043579451739788055,0.5051180720329285,False
3.12,0.23,0.237394317984581,0.4,0.48996928334236145,-0.05710875615477562,0.18508924543857574,False
3.14,0.23,0.23783926665782928,0.4,0.4684945344924927,-0.061876967549324036,-0.186730295419693,False
3.16,0.23,0.2386694848537445,0.4,0.4404006600379944,-0.06147696450352669,-0.4797767996788025,False
3.18,0.23,0.2397051304578781,0.4,0.40816110372543335,-0.03750493377447128,-0.5580618381500244,False
3.2,0.23,0.2408236712217331,0.4,0.4062562584877014,-0.027592137455940247,-0.4291462302207947,False
3.22,0.23,0.24195516109466553,0.4,0.41514408588409424,-0.011026788502931595,-0.283689022064209,False
3.24,0.23,0.24282434582710266,0.4,0.43116554617881775,0.013551183976233006,-0.2818029820919037,False
3.2600000000000002,0.23,0.2431396245956421,0.4,0.4381776452064514,0.039295926690101624,-0.26156318187713623,False
3.2800000000000002,0.23,0.24290527403354645,0.4,0.442937433719635,0.054237958043813705,-0.2848977744579315,False
3.3000000000000003,0.23,0.24222934246063232,0.4,0.4429260194301605,0.06767389923334122,-0.2901705801486969,False
3.3200000000000003,0.23,0.24129082262516022,0.4,0.44548696279525757,0.06954842805862427,-0.2604241967201233,False
3.34,0.23,0.24022795259952545,0.4,0.44781607389450073,0.07505819201469421,-0.293839693069458,False
3.36,0.23,0.23959441483020782,0.4,0.4432598054409027,0.06497775763273239,-0.17981433868408203,False
3.38,0.23,0.2397262006998062,0.4,0.4245017468929291,0.07801850140094757,-0.04842696338891983,False
3.4,0.23,0.24035048484802246,0.4,0.4108731150627136,0.07516802847385406,0.1272328495979309,False
3.42,0.23,0.2411026656627655,0.4,0.3844618499279022,0.08207403868436813,0.2642812728881836,False
3.44,0.23,0.241703599691391,0.4,0.36140176653862,0.07329687476158142,0.3382098376750946,False
3.46,0.23,0.24193046987056732,0.4,0.3572673499584198,0.07536114752292633,0.2472015917301178,False
3.48,0.23,0.2420888990163803,0.4,0.37075480818748474,0.06445826590061188,0.2337922602891922,False
3.5,0.23,0.24206919968128204,0.4,0.381366491317749,0.0585738904774189,0.2237246036529541,False
3.52,0.23,0.2416926473379135,0.4,0.3864254057407379,0.05186876654624939,0.2225387692451477,False
3.54,0.23,0.2409020960330963,0.4,0.3868195414543152,0.04471897706389427,0.2490532249212265,False
3.56,0.23,0.23972856998443604,0.4,0.39089667797088623,0.04251765459775925,0.23106855154037476,False
3.58,0.23,0.23845863342285156,0.4,0.4003608524799347,0.04178910329937935,0.2778865098953247,False
3.6,0.23,0.23737689852714539,0.4,0.4135410785675049,0.0412464514374733,0.21777716279029846,False
3.62,0.23,0.23715679347515106,0.4,0.41973841190338135,0.026897570118308067,0.15741068124771118,False
3.64,0.23,0.23759888112545013,0.4,0.4260048568248749,0.0225075613707304,-0.06877928972244263,False
3.66,0.23,0.23840542137622833,0.4,0.42719021439552307,0.018970491364598274,-0.24311164021492004,False
3.68,0.23,0.23931217193603516,0.4,0.42338839173316956,0.011746080592274666,-0.4204084277153015,False
3.7,0.23,0.2398996204137802,0.4,0.40095511078834534,0.014771233312785625,-0.4679305851459503,False
3.72,0.23,0.24016320705413818,0.4,0.38423365354537964,0.016202133148908615,-0.38162124156951904,False
3.74,0.23,0.2403252273797989,0.4,0.3923161029815674,0.023404663428664207,-0.2445334792137146,False
3.7600000000000002,0.23,0.2405061423778534,0.4,0.4070259630680084,0.030300498008728027,-0.3059258759021759,False
3.7800000000000002,0.23,0.240620419383049,0.4,0.4248533248901367,0.05339469015598297,-0.3043955862522125,False
3.8000000000000003,0.23,0.24048295617103577,0.4,0.4353804588317871,0.05384315550327301,-0.3615418076515198,False
3.8200000000000003,0.23,0.24003291130065918,0.4,0.4489005208015442,0.07655346393585205,-0.4071688652038574,False
3.84,0.23,0.23930959403514862,0.4,0.46188676357269287,0.0659387856721878,-0.4396868646144867,False
3.86,0.23,0.23845408856868744,0.4,0.4628866910934448,0.08132398873567581,-0.40046533942222595,False
3.88,0.23,0.2381361871957779,0.4,0.4607203006744385,0.08202104270458221,-0.35328033566474915,False
3.9,0.23,0.23859038949012756,0.4,0.45033329725265503,0.08587814122438431,-0.1207646057009697,False
3.92,0.23,0.23942002654075623,0.4,0.430034339427948,0.08234942704439163,0.19264154136180878,False
3.94,0.23,0.2404007762670517,0.4,0.410302072763443,0.07686511427164078,0.4471941590309143,False
3.96,0.23,0.24134400486946106,0.4,0.38133421540260315,0.05998524650931358,0.4751812517642975,False
3.98,0.23,0.2420322746038437,0.4,0.39895135164260864,0.04986318573355675,0.39802393317222595,False
4.0,0.2,0.24253107607364655,0.4,0.4133438766002655,0.03249429911375046,0.3780694007873535,False
4.0200000000000005,0.2,0.24265813827514648,0.4,0.4291970729827881,0.017250116914510727,0.39843758940696716,False
4.04,0.2,0.24200572073459625,0.4,0.43033140897750854,0.0048951804637908936,0.43075069785118103,False
4.0600000000000005,0.2,0.24057334661483765,0.4,0.43008819222450256,-0.004238981753587723,0.41129785776138306,False
4.08,0.2,0.23862624168395996,0.4,0.4235467314720154,-0.004473432898521423,0.4177009165287018,False
4.1,0.2,0.23637250065803528,0.4,0.42721372842788696,-0.0016138441860675812,0.3469683825969696,False
4.12,0.2,0.2343139499425888,0.4,0.41327401995658875,0.0043336632661521435,0.2730920910835266,False
4.14,0.2,0.23293568193912506,0.4,0.4070345163345337,-0.002696419134736061,0.062187593430280685,False
4.16,0.2,0.2314801961183548,0.4,0.4001031517982483,0.009541243314743042,-0.08006777614355087,False
4.18,0.2,0.22984108328819275,0.4,0.39356040954589844,0.005148004274815321,-0.22721992433071136,False
4.2,0.2,0.22799590229988098,0.4,0.3779048025608063,0.008539058268070221,-0.29112693667411804,False
4.22,0.2,0.22600331902503967,0.4,0.3667411208152771,0.00589329469949007,-0.3324440121650696,False
4.24,0.2,0.22384387254714966,0.4,0.37794795632362366,0.0014417283236980438,-0.16407743096351624,False
4.26,0.2,0.22178031504154205,0.4,0.38949933648109436,0.0321955643594265,-0.2525450587272644,False
4.28,0.2,0.21989920735359192,0.4,0.40980181097984314,0.04532928764820099,-0.22839270532131195,False
4.3,0.2,0.2181292027235031,0.4,0.41621261835098267,0.07469360530376434,-0.29726657271385193,False
4.32,0.2,0.21649281680583954,0.4,0.43118739128112793,0.08628794550895691,-0.40097272396087646,False
4.34,0.2,0.21484147012233734,0.4,0.43127360939979553,0.10452591627836227,-0.33950501680374146,False
4.36,0.2,0.21327431499958038,0.4,0.44223833084106445,0.09945778548717499,-0.35646960139274597,False
4.38,0.2,0.21189458668231964,0.4,0.43728217482566833,0.09853522479534149,-0.3210689425468445,False
4.4,0.2,0.21108926832675934,0.4,0.4497850835323334,0.0751613974571228,-0.24774840474128723,False
4.42,0.2,0.21125002205371857,0.4,0.4271073341369629,0.08835543692111969,-0.046232473105192184,False
4.44,0.2,0.21221508085727692,0.4,0.4299551546573639,0.06471060961484909,0.09365755319595337,False
4.46,0.2,0.21338419616222382,0.4,0.4087355136871338,0.08403024077415466,0.18600215017795563,False
4.48,0.2,0.2142116278409958,0.4,0.4111958146095276,0.09205473959445953,0.17526450753211975,False
4.5,0.2,0.21430929005146027,0.4,0.4251944124698639,0.0925845056772232,0.05090293660759926,False
4.5200000000000005,0.2,0.21402426064014435,0.4,0.44779595732688904,0.08096770942211151,0.16217073798179626,False
4.54,0.2,0.2135721743106842,0.4,0.46752673387527466,0.06709053367376328,0.16874989867210388,False
4.5600000000000005,0.2,0.21277989447116852,0.4,0.47726768255233765,0.05126004293560982,0.2091359943151474,False
4.58,0.2,0.211687371134758,0.4,0.4878951907157898,0.04832916334271431,0.19483700394630432,False
4.6000000000000005,0.2,0.2103414386510849,0.4,0.5006291270256042,0.04301618039608002,0.14657734334468842,False
4.62,0.2,0.2092185914516449,0.4,0.5103088021278381,0.03906848281621933,0.11664271354675293,False
4.64,0.2,0.20898839831352234,0.4,0.5097597241401672,0.029788844287395477,0.025646120309829712,False
4.66,0.2,0.20940829813480377,0.4,0.5117366313934326,0.037060052156448364,-0.16151240468025208,False
4.68,0.2,0.20999197661876678,0.4,0.4952314496040344,0.025397974997758865,-0.2494756579399109,False
4.7,0.2,0.2103550285100937,0.4,0.47787824273109436,0.029616158455610275,-0.23742972314357758,False
4.72,0.2,0.2101886123418808,0.4,0.4759620130062103,0.025400571525096893,-0.057545870542526245,False
4.74,0.2,0.2098483443260193,0.4,0.49474629759788513,0.0403970330953598,-0.08953642100095749,False
4.76,0.2,0.20957152545452118,0.4,0.5136333107948303,0.04958876222372055,-0.14472445845603943,False
4.78,0.2,0.20920825004577637,0.4,0.5333322286605835,0.06085226684808731,-0.17747576534748077,False
4.8,0.2,0.20860876142978668,0.4,0.5470685958862305,0.06637927889823914,-0.22583428025245667,False
4.82,0.2,0.20788154006004333,0.4,0.5622384548187256,0.05957578122615814,-0.2626826763153076,False
4.84,0.2,0.20740699768066406,0.4,0.5469740033149719,0.06219583749771118,-0.2755448818206787,False
4.86,0.2,0.20789997279644012,0.4,0.5363830924034119,0.07163795828819275,-0.24750331044197083,False
4.88,0.2,0.20911647379398346,0.4,0.5240228772163391,0.06558623909950256,-0.02414824068546295,False
4.9,0.2,0.21065309643745422,0.4,0.48833325505256653,0.06636272370815277,0.15922465920448303,False
4.92,0.2,0.21209603548049927,0.4,0.46598440408706665,0.061372462660074234,0.1440536379814148,False
4.94,0.2,0.2128579318523407,0.4,0.474063903093338,0.06757000088691711,-0.061897777020931244,False
4.96,0.2,0.21317629516124725,0.4,0.4936492145061493,0.05026645213365555,0.07441463321447372,False
4.98,0.2,0.21323326230049133,0.4,0.5148178339004517,0.04072517156600952,0.1891641765832901,False
5.0,0.2,0.2127532660961151,0.4,0.5163030028343201,0.020094476640224457,0.1957087516784668,False
5.0200000000000005,0.2,0.21167239546775818,0.4,0.5221689939498901,0.015300054103136063,0.2578858435153961,False
5.04,0.2,0.21012192964553833,0.4,0.518424928188324,0.009371690452098846,0.23804953694343567,False
5.0600000000000005,0.2,0.20842339098453522,0.4,0.5303909778594971,0.014285162091255188,0.24772804975509644,False
5.08,0.2,0.20755048096179962,0.4,0.5111828446388245,-0.005629986524581909,0.1416979432106018,False
5.1000000000000005,0.2,0.20755520462989807,0.4,0.5231893658638,0.010652679949998856,-0.08227404952049255,False
5.12,0.2,0.20817923545837402,0.4,0.5062939524650574,0.000690065324306488,-0.22872833907604218,False
5.14,0.2,0.20910800993442535,0.4,0.499150812625885,0.017463406547904015,-0.3336155414581299,False
5.16,0.2,0.20986710488796234,0.4,0.4708035886287689,0.0055503398180007935,-0.1411370486021042,False
5.18,0.2,0.21002084016799927,0.4,0.48105913400650024,0.0026118382811546326,0.018467124551534653,False
5.2,0.2,0.2098148763179779,0.4,0.4942060708999634,0.015672534704208374,-0.015043552964925766,False
5.22,0.2,0.20950952172279358,0.4,0.5227416157722473,0.026324396952986717,-0.07694371044635773,False
5.24,0.2,0.2089371234178543,0.4,0.5287132859230042,0.044055938720703125,-0.15518680214881897,False
5.26,0.2,0.208122119307518,0.4,0.5525047779083252,0.04475698992609978,-0.2979235053062439,False
5.28,0.2,0.20710168778896332,0.4,0.554998517036438,0.049941740930080414,-0.3188909888267517,False
5.3,0.2,0.20655415952205658,0.4,0.5468465685844421,0.04624556005001068,-0.3944529592990875,False
5.32,0.2,0.20669765770435333,0.4,0.5336663722991943,0.04448497295379639,-0.20889617502689362,False
5.34,0.2,0.20755599439144135,0.4,0.5256819725036621,0.038063693791627884,0.11224646866321564,False
5.36,0.2,0.2086869776248932,0.4,0.495444118976593,0.04684922844171524,0.28620973229408264,False
5.38,0.2,0.20972314476966858,0.4,0.470553457736969,0.04112333059310913,0.27538666129112244,False
5.4,0.2,0.2103494554758072,0.4,0.46733254194259644,0.0450131930410862,0.1395355761051178,False
5.42,0.2,0.2108161896467209,0.4,0.4863654673099518,0.03210380673408508,0.24288778007030487,False
5.44,0.2,0.21114647388458252,0.4,0.5074003338813782,0.015771474689245224,0.2786531448364258,False
5.46,0.2,0.21104420721530914,0.4,0.5161582231521606,0.003391280770301819,0.2715330421924591,False
5.48,0.2,0.21042141318321228,0.4,0.5175942182540894,-0.011482290923595428,0.31650450825691223,False
5.5,0.2,0.20938391983509064,0.4,0.5188078284263611,-0.008347630500793457,0.2611626386642456,False
5.5200000000000005,0.2,0.20825760066509247,0.4,0.5197672247886658,-0.008488506078720093,0.22870831191539764,False
5.54,0.2,0.20784702897071838,0.4,0.5057380199432373,-0.009356919676065445,0.1338091790676117,False
5.5600000000000005,0.2,0.2081250548362732,0.4,0.5042792558670044,0.002583928406238556,-0.09112520515918732,False
5.58,0.2,0.2088431864976883,0.4,0.4826633334159851,0.0015398003160953522,-0.2322864830493927,False
5.6000000000000005,0.2,0.20955172181129456,0.4,0.4667457342147827,0.003185030072927475,-0.3163926303386688,False
5.62,0.2,0.209921196103096,0.4,0.44200950860977173,-4.7031790018081665e-05,-0.19751857221126556,False
5.64,0.2,0.20981350541114807,0.4,0.4587143361568451,0.011897660791873932,-0.040628209710121155,False
5.66,0.2,0.2095727026462555,0.4,0.47047755122184753,0.02609468623995781,-0.16413138806819916,False
5.68,0.2,0.2093951255083084,0.4,0.5024421215057373,0.04718056321144104,-0.2034619301557541,False
5.7,0.2,0.20915107429027557,0.4,0.5032945275306702,0.060837600380182266,-0.23505984246730804,False
5.72,0.2,0.20878809690475464,0.4,0.5186659097671509,0.06902027875185013,-0.26330310106277466,False
5.74,0.2,0.20833180844783783,0.4,0.5223416090011597,0.06124190241098404,-0.2538444399833679,False
5.76,0.2,0.2080901712179184,0.4,0.5169852375984192,0.06853504478931427,-0.26997247338294983,False
5.78,0.2,0.20858168601989746,0.4,0.5089301466941833,0.06621774286031723,-0.2614590525627136,False
5.8,0.2,0.2098359763622284,0.4,0.4999523162841797,0.05586528405547142,-0.005710428114980459,False
5.82,0.2,0.211366206407547,0.4,0.47880634665489197,0.051971398293972015,0.2133999764919281,False
5.84,0.2,0.21277229487895966,0.4,0.46047067642211914,0.046915702521800995,0.32264384627342224,False
5.86,0.2,0.21362322568893433,0.4,0.4430338740348816,0.04684395715594292,0.26566171646118164,False
5.88,0.2,0.21382972598075867,0.4,0.46206772327423096,0.03980369493365288,0.1529688537120819,False
5.9,0.2,0.21362441778182983,0.4,0.477958619594574,0.030327335000038147,0.18115629255771637,False
5.92,0.2,0.21297715604305267,0.4,0.49350371956825256,0.021810777485370636,0.11689066886901855,False
5.94,0.2,0.21183565258979797,0.4,0.49423661828041077,0.011415272951126099,0.14283564686775208,False
5.96,0.2,0.2103111892938614,0.4,0.4956628382205963,0.017382238060235977,0.14056618511676788,False
5.98,0.2,0.2086302489042282,0.4,0.5023744702339172,0.016956444829702377,0.21725566685199738,False
6.0,0.1705,0.20751573145389557,0.4,0.49459025263786316,0.02119709923863411,0.16576676070690155,False
6.0200000000000005,0.1705,0.20739144086837769,0.4,0.4831460118293762,0.00691908597946167,-0.10107119381427765,False
6.04,0.1705,0.20794998109340668,0.4,0.47098851203918457,0.021723804995417595,-0.31284692883491516,False
6.0600000000000005,0.1705,0.20872782170772552,0.4,0.4549044966697693,0.012518472969532013,-0.3018496334552765,False
6.08,0.1705,0.2091464251279831,0.4,0.43393927812576294,0.013884402811527252,-0.1896054595708847,False
6.1000000000000005,0.1705,0.20851406455039978,0.4,0.440521240234375,0.003596186637878418,0.00010137911885976791,False
6.12,0.1705,0.20718994736671448,0.4,0.456981360912323,0.021185562014579773,-0.040590014308691025,False
6.140000000000001,0.1705,0.20540234446525574,0.4,0.4816912114620209,0.0322970487177372,-0.09177565574645996,False
6.16,0.1705,0.20271463692188263,0.4,0.4928744435310364,0.05043656378984451,-0.10357827693223953,False
6.18,0.1705,0.19916677474975586,0.4,0.4990195035934448,0.04873814061284065,-0.19077780842781067,False
6.2,0.1705,0.19487601518630981,0.4,0.49451327323913574,0.04555756226181984,-0.22123542428016663,False
6.22,0.1705,0.19021731615066528,0.4,0.49246910214424133,0.01867976039648056,-0.24116277694702148,False
6.24,0.1705,0.1854000836610794,0.4,0.4857363998889923,0.004589691758155823,-0.12529060244560242,False
6.26,0.1705,0.18149016797542572,0.4,0.47881922125816345,-0.008516758680343628,-0.0731242224574089,False
6.28,0.1705,0.17846325039863586,0.4,0.4762669503688812,-0.011842988431453705,-0.022007904946804047,False
6.3,0.1705,0.1763075888156891,0.4,0.4736655652523041,-0.01015058159828186,0.15354125201702118,False
6.32,0.1705,0.17483018338680267,0.4,0.4527585506439209,0.022904150187969208,0.13528984785079956,False
6.34,0.1705,0.17350704967975616,0.4,0.46103405952453613,0.06455390155315399,-0.009798688814043999,False
6.36,0.1705,0.1720218062400818,0.4,0.4746387302875519,0.07378818094730377,-0.14924368262290955,False
6.38,0.1705,0.17059355974197388,0.4,0.5056827068328857,0.06836050003767014,0.07238424569368362,False
6.4,0.1705,0.1691950410604477,0.4,0.5246254801750183,0.05365347862243652,0.060490433126688004,False
6.42,0.1705,0.1679171770811081,0.4,0.5469951629638672,0.045514434576034546,0.16412366926670074,False
6.44,0.1705,0.1667901873588562,0.4,0.5422473549842834,0.025935281068086624,0.18146131932735443,False
6.46,0.1705,0.16661380231380463,0.4,0.5369813442230225,0.019477102905511856,0.18293637037277222,False
6.48,0.1705,0.1674940288066864,0.4,0.5265618562698364,0.021814264357089996,-0.10786038637161255,False
6.5,0.1705,0.1692657470703125,0.4,0.5251461267471313,0.02739517018198967,-0.25395283102989197,False
6.5200000000000005,0.1705,0.17129845917224884,0.4,0.5074169635772705,0.018579550087451935,-0.2483803778886795,False
6.54,0.1705,0.17264612019062042,0.4,0.48918017745018005,0.0030142217874526978,0.0011027189902961254,False
6.5600000000000005,0.1705,0.1725991666316986,0.4,0.4960428774356842,-0.007151760160923004,0.22578981518745422,False
6.58,0.1705,0.1717696636915207,0.4,0.5297297239303589,-0.005843885242938995,0.08997911959886551,False
6.6000000000000005,0.1705,0.17035342752933502,0.4,0.5432040095329285,-0.004073671996593475,0.1441943347454071,False
6.62,0.1705,0.1684069037437439,0.4,0.5581179857254028,-0.014169752597808838,0.022528469562530518,False
6.640000000000001,0.1705,0.16615962982177734,0.4,0.5589030385017395,-0.02573622763156891,-0.09562738239765167,False
6.66,0.1705,0.16425521671772003,0.4,0.5418034791946411,-0.027481548488140106,-0.21534554660320282,False
6.68,0.1705,0.16345350444316864,0.4,0.5326124429702759,-0.037650734186172485,-0.013357806019484997,False
6.7,0.1705,0.16375863552093506,0.4,0.5205376744270325,-0.03787972033023834,0.19400706887245178,False
6.72,0.1705,0.16473457217216492,0.4,0.4951920211315155,-0.016724765300750732,0.2391892373561859,False
6.74,0.1705,0.16570685803890228,0.4,0.4770841598510742,0.018551122397184372,-0.019971800968050957,False
6.76,0.1705,0.1659281700849533,0.4,0.4786950647830963,0.04637929052114487,-0.2881290316581726,False
6.78,0.1705,0.16578350961208344,0.4,0.5028426647186279,0.05707176774740219,-0.10451724380254745,False
6.8,0.1705,0.1653696745634079,0.4,0.5204731225967407,0.04884546622633934,-0.08481863141059875,False
6.82,0.1705,0.16474062204360962,0.4,0.5432456135749817,0.045649588108062744,0.06516043096780777,False
6.84,0.1705,0.16391581296920776,0.4,0.5401275753974915,0.0330348014831543,0.1615951657295227,False
6.86,0.1705,0.16372552514076233,0.4,0.5348185896873474,0.032134100794792175,0.23879115283489227,False
6.88,0.1705,0.1644720882177353,0.4,0.52043616771698,0.023737970739603043,-0.0398489348590374,False
6.9,0.1705,0.16609002649784088,0.4,0.5142486691474915,0.02838106080889702,-0.16670732200145721,False
6.92,0.1705,0.16812558472156525,0.4,0.49240243434906006,0.02931375987827778,-0.2250186949968338,False
6.94,0.1705,0.16975930333137512,0.4,0.4681248664855957,0.00784146785736084,0.07891363650560379,False
6.96,0.1705,0.1702396720647812,0.4,0.48005378246307373,-0.006984196603298187,0.3446229100227356,False
6.98,0.1705,0.16996285319328308,0.4,0.5047732591629028,-0.00047854334115982056,0.27608105540275574,False
7.0,0.1705,0.16920027136802673,0.4,0.5305124521255493,-0.0002612099051475525,0.27620798349380493,False
7.0200000000000005,0.1705,0.1680619865655899,0.4,0.5430905222892761,-0.0018080472946166992,0.12314657866954803,False
7.04,0.1705,0.16662955284118652,0.4,0.5502637624740601,-0.011248677968978882,0.001119997352361679,False
7.0600000000000005,0.1705,0.16520313918590546,0.4,0.5406046509742737,-0.011441409587860107,-0.21783804893493652,False
7.08,0.1705,0.16464509069919586,0.4,0.531266450881958,-0.003050878643989563,-0.12680380046367645,False
7.1000000000000005,0.1705,0.16517424583435059,0.4,0.5200731754302979,-0.0035178661346435547,0.09348158538341522,False
7.12,0.1705,0.1665596067905426,0.4,0.49822524189949036,0.006318673491477966,0.16662797331809998,False
7.140000000000001,0.1705,0.16815157234668732,0.4,0.48650819063186646,0.04527026042342186,0.007643385790288448,False
7.16,0.1705,0.16889068484306335,0.4,0.49421972036361694,0.08223787695169449,-0.2356163114309311,False
7.18,0.1705,0.1689557284116745,0.4,0.5071737170219421,0.07878834754228592,-0.12738755345344543,False
7.2,0.1705,0.16867828369140625,0.4,0.5319148302078247,0.08427855372428894,-0.05884131044149399,False
7.22,0.1705,0.16806328296661377,0.4,0.5394783616065979,0.07413142174482346,0.035879604518413544,False
7.24,0.1705,0.16711649298667908,0.4,0.5626658201217651,0.0821567252278328,0.15580984950065613,False
7.26,0.1705,0.1662023365497589,0.4,0.5512913465499878,0.06153600662946701,0.20053206384181976,False
7.28,0.1705,0.16617539525032043,0.4,0.5436657667160034,0.054387085139751434,0.13193732500076294,False
7.3,0.1705,0.1669631153345108,0.4,0.5324517488479614,0.054216302931308746,-0.12045639753341675,False
7.32,0.1705,0.1682901233434677,0.4,0.5164410471916199,0.04764190688729286,-0.232314795255661,False
7.34,0.1705,0.16956216096878052,0.4,0.49820780754089355,0.029494618996977806,0.09734281897544861,False
7.36,0.1705,0.16989052295684814,0.4,0.5042784214019775,0.004774533212184906,0.3914051055908203,False
7.38,0.1705,0.16949456930160522,0.4,0.5208238959312439,0.011594962328672409,0.30296921730041504,False
7.4,0.1705,0.16874095797538757,0.4,0.5490540266036987,0.003291688859462738,0.2328338921070099,False
7.42,0.1705,0.16773147881031036,0.4,0.5547550916671753,0.008420802652835846,0.10077332705259323,False
7.44,0.1705,0.1665450632572174,0.4,0.568979799747467,-0.006342880427837372,-0.04826560989022255,False
7.46,0.1705,0.1654081642627716,0.4,0.5483046174049377,0.0025280751287937164,-0.2264414280653,False
7.48,0.1705,0.16524212062358856,0.4,0.5388591289520264,-0.0028672069311141968,-0.19489546120166779,False
7.5,0.1705,0.16608616709709167,0.4,0.5125086903572083,-0.0011091306805610657,0.040041033178567886,False
7.5200000000000005,0.1705,0.16758491098880768,0.4,0.49924397468566895,-0.0021099820733070374,0.16693295538425446,False
7.54,0.1705,0.16904553771018982,0.4,0.4766466021537781,0.03758323937654495,0.015283964574337006,False
7.5600000000000005,0.1705,0.16950587928295135,0.4,0.4918009340763092,0.07126879692077637,-0.24522748589515686,False
7.58,0.1705,0.16931597888469696,0.4,0.5044894814491272,0.06881757080554962,-0.12661093473434448,False
7.6000000000000005,0.1705,0.1688726246356964,0.4,0.5287755727767944,0.06858698278665543,-0.027001461014151573,False
7.62,0.1705,0.1682189553976059,0.4,0.5344321727752686,0.060839708894491196,0.0417385995388031,False
7.640000000000001,0.1705,0.16731078922748566,0.4,0.5514466762542725,0.0633457601070404,0.13218697905540466,False
7.66,0.1705,0.16633646190166473,0.4,0.5464393496513367,0.05217163264751434,0.21540698409080505,False
7.68,0.1705,0.16621974110603333,0.4,0.5406978726387024,0.043557681143283844,0.1522030085325241,False
7.7,0.1705,0.16706711053848267,0.4,0.527661919593811,0.04657381400465965,-0.06914760172367096,False
7.72,0.1705,0.16860438883304596,0.4,0.5146787762641907,0.04877389967441559,-0.1797288954257965,False
7.74,0.1705,0.17009733617305756,0.4,0.4903426468372345,0.023867757990956306,-0.038252633064985275,False
7.76,0.1705,0.17066951096057892,0.4,0.4815739691257477,0.0017865896224975586,0.2791757881641388,False
7.78,0.1705,0.17039765417575836,0.4,0.4980977475643158,0.008495848625898361,0.32144686579704285,False
7.8,0.1705,0.1697196662425995,0.4,0.5253286957740784,0.0032021068036556244,0.2187790870666504,False
7.82,0.1705,0.168625146150589,0.4,0.5427075624465942,0.010057073086500168,0.19082753360271454,False
7.84,0.1705,0.16714254021644592,0.4,0.5567101836204529,-0.00012587010860443115,0.009563429281115532,False
7.86,0.1705,0.16553105413913727,0.4,0.5561014413833618,0.004165738821029663,-0.18065372109413147,False
7.88,0.1705,0.16461919248104095,0.4,0.5420625805854797,0.003027547150850296,-0.24230673909187317,False
7.9,0.1705,0.16475842893123627,0.4,0.5300906896591187,0.00864560529589653,0.0012457333505153656,False
7.92,0.1705,0.16583116352558136,0.4,0.5212470889091492,0.0050105080008506775,0.14487606287002563,False
7.94,0.1705,0.16715829074382782,0.4,0.4986412525177002,0.04566890746355057,0.156951442360878,False
7.96,0.1705,0.1679360270500183,0.4,0.4965599775314331,0.07469850778579712,-0.04173504561185837,False
7.98,0.1705,0.16794361174106598,0.4,0.5031177401542664,0.085306316614151,-0.19073517620563507,False
8.0,0.23,0.1675686240196228,0.4,0.527120053768158,0.08884578943252563,-0.08984758704900742,False
8.02,0.23,0.1681407243013382,0.4,0.5539392232894897,0.0836711972951889,0.012315216474235058,False
8.040000000000001,0.23,0.17023234069347382,0.4,0.5516607165336609,0.0633867159485817,0.1987345814704895,False
8.06,0.23,0.1754145473241806,0.4,0.5277928709983826,0.024721316993236542,0.3710719645023346,False
8.08,0.23,0.18375378847122192,0.4,0.519602358341217,0.015998970717191696,0.197757750749588,False
8.1,0.23,0.19489379227161407,0.4,0.5301597118377686,0.024366125464439392,0.20619851350784302,False
8.120000000000001,0.23,0.20754121243953705,0.4,0.5490002632141113,0.03692154586315155,0.12886694073677063,False
8.14,0.23,0.21960432827472687,0.4,0.5205284953117371,0.060706887394189835,-0.2686336040496826,False
8.16,0.23,0.23005613684654236,0.4,0.5130541920661926,0.07996217161417007,-0.03630020469427109,False
8.18,0.23,0.2379179298877716,0.4,0.5147576928138733,0.07809551060199738,0.3308808207511902,False
8.2,0.23,0.2431427538394928,0.4,0.5382211804389954,0.07421460002660751,0.4376600384712219,False
8.22,0.23,0.24568265676498413,0.4,0.5290934443473816,0.05931458622217178,0.45994317531585693,False
8.24,0.23,0.24563495814800262,0.4,0.5501407384872437,0.0459156408905983,0.4390830993652344,False
8.26,0.23,0.24368295073509216,0.4,0.5425764918327332,0.009596677497029305,0.1927926242351532,False
8.28,0.23,0.24131472408771515,0.4,0.533743679523468,0.008497960865497589,-0.00652965996414423,False
8.3,0.23,0.2394445240497589,0.4,0.5053099393844604,0.03259579464793205,-0.14099891483783722,False
8.32,0.23,0.23786509037017822,0.4,0.49405956268310547,0.028313374146819115,0.13660003244876862,False
8.34,0.23,0.23683975636959076,0.4,0.4511007070541382,0.03747463598847389,0.30475738644599915,False
8.36,0.23,0.23639395833015442,0.4,0.4291834235191345,0.017513783648610115,0.31011906266212463,False
8.38,0.23,0.23662638664245605,0.4,0.4418964385986328,0.004899029619991779,0.16872139275074005,False
8.4,0.23,0.2373868227005005,0.4,0.4542495906352997,-0.008501539006829262,0.2384164035320282,False
8.42,0.23,0.23828692734241486,0.4,0.4739598035812378,-0.028527313843369484,0.2843555212020874,False
8.44,0.23,0.23891982436180115,0.4,0.4779089093208313,-0.03540904447436333,0.3659082353115082,False
8.46,0.23,0.23902356624603271,0.4,0.484437495470047,-0.03960094228386879,0.39645880460739136,False
8.48,0.23,0.23870572447776794,0.4,0.4875773787498474,-0.033580079674720764,0.40844404697418213,False
8.5,0.23,0.2382199466228485,0.4,0.48778945207595825,-0.03912929445505142,0.3387320339679718,False
8.52,0.23,0.23829485476016998,0.4,0.47816139459609985,-0.04343489184975624,0.23003548383712769,False
8.540000000000001,0.23,0.23865777254104614,0.4,0.4743681252002716,-0.04306679964065552,-0.004065786488354206,False
8.56,0.23,0.23929519951343536,0.4,0.46323248744010925,-0.042706143110990524,-0.24788276851177216,False
8.58,0.23,0.23988017439842224,0.4,0.4473690986633301,-0.046622853726148605,-0.408203125,False
8.6,0.23,0.2402363121509552,0.4,0.4223290979862213,-0.02971378155052662,-0.5117254257202148,False
8.620000000000001,0.23,0.24052955210208893,0.4,0.40796205401420593,-0.021090855821967125,-0.4084172248840332,False
8.64,0.23,0.24088367819786072,0.4,0.4201703667640686,-0.003828904591500759,-0.3325020372867584,False
8.66,0.23,0.24126867949962616,0.4,0.4332534968852997,0.012695226818323135,-0.35496827960014343,False
8.68,0.23,0.2414884865283966,0.4,0.45552313327789307,0.03435153886675835,-0.3605605959892273,False
8.700000000000001,0.23,0.24137331545352936,0.4,0.46312737464904785,0.04651763290166855,-0.4003954529762268,False
8.72,0.23,0.24092823266983032,0.4,0.4779413342475891,0.06278297305107117,-0.45868349075317383,False
8.74,0.23,0.24010738730430603,0.4,0.48425984382629395,0.06455757468938828,-0.40234750509262085,False
8.76,0.23,0.23917751014232635,0.4,0.4887690842151642,0.0699235051870346,-0.40120017528533936,False
8.78,0.23,0.23877154290676117,0.4,0.4866745173931122,0.08078626543283463,-0.2929309606552124,False
8.8,0.23,0.2389114648103714,0.4,0.4714154005050659,0.08332324028015137,-0.07107968628406525,False
8.82,0.23,0.23963569104671478,0.4,0.45595622062683105,0.08241459727287292,0.2666749656200409,False
8.84,0.23,0.24053798615932465,0.4,0.4306567311286926,0.07444189488887787,0.4637479782104492,False
8.86,0.23,0.24134492874145508,0.4,0.40911445021629333,0.06098317354917526,0.44547685980796814,False
8.88,0.23,0.2420872151851654,0.4,0.42211630940437317,0.05574415624141693,0.3061704933643341,False
8.9,0.23,0.24274994432926178,0.4,0.4322132468223572,0.043331559747457504,0.3092886507511139,False
8.92,0.23,0.2430536299943924,0.4,0.4500109851360321,0.02277948521077633,0.37808793783187866,False
8.94,0.23,0.24280057847499847,0.4,0.45518359541893005,0.010487521067261696,0.3771784007549286,False
8.96,0.23,0.24191728234291077,0.4,0.45860493183135986,-0.0029810303822159767,0.4307931065559387,False
8.98,0.23,0.24056658148765564,0.4,0.4587553143501282,-0.0032528825104236603,0.3663124442100525,False
9.0,0.23,0.2391004115343094,0.4,0.46447238326072693,-0.003860602155327797,0.3596193492412567,False
9.02,0.23,0.23832933604717255,0.4,0.4537200629711151,-0.020520975813269615,0.19294944405555725,False
9.040000000000001,0.23,0.23794420063495636,0.4,0.45585188269615173,-0.022075019776821136,0.011984657496213913,False
9.06,0.23,0.23793897032737732,0.4,0.4440983533859253,-0.01921280287206173,-0.22377276420593262,False
9.08,0.23,0.23820509016513824,0.4,0.4253205955028534,-0.016941338777542114,-0.40822482109069824,False
9.1,0.23,0.23849095404148102,0.4,0.4011913537979126,-0.007425730582326651,-0.5838267207145691,False
9.120000000000001,0.23,0.23892977833747864,0.4,0.3725510537624359,0.006489957682788372,-0.5861209630966187,False
9.14,0.23,0.23941804468631744,0.4,0.3856949508190155,0.019506843760609627,-0.4325956702232361,False
9.16,0.23,0.24002224206924438,0.4,0.39734983444213867,0.03560047596693039,-0.4145168364048004,False
9.18,0.23,0.24056412279605865,0.4,0.4233314096927643,0.05768894404172897,-0.44743186235427856,False
9.200000000000001,0.23,0.24081647396087646,0.4,0.4347596764564514,0.07455219328403473,-0.45103776454925537,False
9.22,0.23,0.2407088428735733,0.4,0.44643333554267883,0.08855713903903961,-0.4462190568447113,False
9.24,0.23,0.24016664922237396,0.4,0.4511512219905853,0.09070688486099243,-0.3898082375526428,False
9.26,0.23,0.2393055558204651,0.4,0.4598925709724426,0.09809927642345428,-0.3360559046268463,False
9.28,0.23,0.23862192034721375,0.4,0.4521947503089905,0.08737525343894958,-0.2515394985675812,False
9.3,0.23,0.23879966139793396,0.4,0.4403384327888489,0.10238265991210938,-0.021233152598142624,False
9.32,0.23,0.23942753672599792,0.4,0.4187680184841156,0.09198406338691711,0.16298359632492065,False
9.34,0.23,0.24024440348148346,0.4,0.3998282849788666,0.08675619959831238,0.3716241717338562,False
9.36,0.23,0.24102190136909485,0.4,0.3708951771259308,0.06912343204021454,0.443363755941391,False
9.38,0.23,0.2416667640209198,0.4,0.3665322959423065,0.05844265595078468,0.3984551727771759,False
9.4,0.23,0.24222929775714874,0.4,0.38213109970092773,0.047994691878557205,0.28399279713630676,False
9.42,0.23,0.24260897934436798,0.4,0.4008026421070099,0.03625780716538429,0.36199283599853516,False
9.44,0.23,0.24245142936706543,0.4,0.41436752676963806,0.023274438455700874,0.3316691815853119,False
9.46,0.23,0.24168753623962402,0.4,0.41951683163642883,0.0164322592318058,0.34791263937950134,False
9.48,0.23,0.24033835530281067,0.4,0.4209306836128235,0.018004687502980232,0.34882867336273193,False
9.5,0.23,0.23867230117321014,0.4,0.42762723565101624,0.018693959340453148,0.2992466986179352,False
9.52,0.23,0.23708264529705048,0.4,0.43206408619880676,0.023140158504247665,0.2643730640411377,False
9.540000000000001,0.23,0.23628190159797668,0.4,0.4281372129917145,0.010690681636333466,0.12282132357358932,False
9.56,0.23,0.23609517514705658,0.4,0.4293553829193115,0.01364319771528244,-0.10098789632320404,False
9.58,0.23,0.23649537563323975,0.4,0.4170113205909729,0.009272586554288864,-0.23676006495952606,False
9.6,0.23,0.23719234764575958,0.4,0.4071182310581207,0.0069273244589567184,-0.36768126487731934,False
9.620000000000001,0.23,0.23774845898151398,0.4,0.3786216676235199,0.009380146861076355,-0.4864790439605713,False
9.64,0.23,0.23827746510505676,0.4,0.3581829369068146,0.013286750763654709,-0.43262454867362976,False
9.66,0.23,0.23880866169929504,0.4,0.36042335629463196,0.021696053445339203,-0.3012408912181854,False
9.68,0.23,0.23943835496902466,0.4,0.38074398040771484,0.03624134510755539,-0.35094666481018066,False
9.700000000000001,0.23,0.23999972641468048,0.4,0.3985402286052704,0.055646613240242004,-0.3928481936454773,False
9.72,0.23,0.2402925342321396,0.4,0.42032772302627563,0.07363643497228622,-0.4426431655883789,False
9.74,0.23,0.24026422202587128,0.4,0.4267682433128357,0.08469969779253006,-0.4773956835269928,False
9.76,0.23,0.2399522364139557,0.4,0.4396801292896271,0.08567497134208679,-0.41401422023773193,False
9.78,0.23,0.23946331441402435,0.4,0.44417333602905273,0.09144145250320435,-0.3883330523967743,False
9.8,0.23,0.23931948840618134,0.4,0.44485369324684143,0.09413459897041321,-0.31191542744636536,False
9.82,0.23,0.23966620862483978,0.4,0.4373061954975128,0.09238404780626297,-0.06707579642534256,False
9.84,0.23,0.24036315083503723,0.4,0.4238649606704712,0.09441964328289032,0.18861278891563416,False
9.86,0.23,0.24113410711288452,0.4,0.40488025546073914,0.09259726107120514,0.4675959348678589,False
9.88,0.23,0.24177615344524384,0.4,0.3798401951789856,0.07257741689682007,0.5343096256256104,False
9.9,0.23,0.24233417212963104,0.4,0.38787680864334106,0.06166087090969086,0.4163355827331543,False
9.92,0.23,0.2428254336118698,0.4,0.3997170329093933,0.050460755825042725,0.3685060143470764,False
9.94,0.23,0.24309855699539185,0.4,0.4214923679828644,0.034839533269405365,0.41172268986701965,False
9.96,0.23,0.2427443265914917,0.4,0.4262803792953491,0.027022074908018112,0.3641200065612793,False
9.98,0.23,0.24167989194393158,0.4,0.4343254268169403,0.012605253607034683,0.38428160548210144,False
10.0,0.2932,0.24011817574501038,0.4,0.43363842368125916,0.016066258773207664,0.3732125461101532,False
10.02,0.2932,0.23945435881614685,0.4,0.4456668794155121,0.002322843298316002,0.4489744007587433,False
10.040000000000001,0.2932,0.24123713374137878,0.4,0.4249880313873291,-0.009247913025319576,0.3063200116157532,False
10.06,0.2932,0.24583128094673157,0.4,0.4202588200569153,-0.03295033052563667,0.18055081367492676,False
10.08,0.2932,0.25280529260635376,0.4,0.3995034694671631,-0.05294474586844444,-0.09727995842695236,False
10.1,0.2932,0.2604738771915436,0.4,0.38363850116729736,-0.06290586292743683,-0.5297431349754333,False
10.120000000000001,0.2932,0.26737451553344727,0.4,0.33691298961639404,-0.06784387677907944,-0.644222617149353,False
10.14,0.2932,0.2730144262313843,0.4,0.3345581889152527,-0.04565613344311714,-0.6050861477851868,False
10.16,0.2932,0.277643620967865,0.4,0.30791571736335754,-0.07317793369293213,-0.45972108840942383,False
10.18,0.2932,0.2813941538333893,0.4,0.3079500198364258,-0.06263895332813263,-0.2869337499141693,False
10.200000000000001,0.2932,0.2837204039096832,0.4,0.3303486406803131,-0.05507887154817581,0.061324331909418106,False
10.22,0.2932,0.28493204712867737,0.4,0.3588111996650696,-0.039271727204322815,0.17206372320652008,False
10.24,0.2932,0.28566667437553406,0.4,0.38499462604522705,-0.029411695897579193,0.32559719681739807,False
10.26,0.2932,0.28682753443717957,0.4,0.37667542695999146,-0.020648662000894547,0.167964369058609,False
10.28,0.2932,0.2882101237773895,0.4,0.3778986930847168,-0.009069576859474182,0.1856624186038971,False
10.3,0.2932,0.2898644506931305,0.4,0.3756984770298004,0.0044729625806212425,0.17789167165756226,False
10.32,0.2932,0.2918820083141327,0.4,0.37153202295303345,0.03351566195487976,0.29426127672195435,False
10.34,0.2932,0.29376107454299927,0.4,0.3642990291118622,0.04276062548160553,0.37496721744537354,False
10.36,0.2932,0.29568812251091003,0.4,0.3375023305416107,0.062475576996803284,0.4970813989639282,False
10.38,0.2932,0.2972414195537567,0.4,0.3129371106624603,0.06570044904947281,0.34885385632514954,False
10.4,0.2932,0.2987663149833679,0.4,0.3027426302433014,0.06245426833629608,0.21139177680015564,False
10.42,0.2932,0.30019456148147583,0.4,0.3147069215774536,0.0544474795460701,-0.011047247797250748,False
10.44,0.2932,0.30126675963401794,0.4,0.33416125178337097,0.05688006430864334,-0.12349403649568558,False
10.46,0.2932,0.3019684851169586,0.4,0.3543296158313751,0.05065923184156418,-0.2062380313873291,False
10.48,0.2932,0.3021406829357147,0.4,0.3773016035556793,0.06335361301898956,-0.21578587591648102,False
10.5,0.2932,0.3020835816860199,0.4,0.4029533565044403,0.055196452885866165,-0.22137562930583954,False
10.52,0.2932,0.30239370465278625,0.4,0.4002731740474701,0.05287043750286102,-0.07008487731218338,False
10.540000000000001,0.2932,0.3025853633880615,0.4,0.41553378105163574,0.033482249826192856,-0.04778328910470009,False
10.56,0.2932,0.30221331119537354,0.4,0.42322930693626404,0.02527427487075329,-0.06640253961086273,False
10.58,0.2932,0.3016270697116852,0.4,0.41709813475608826,0.00744591373950243,-0.241691455245018,False
10.6,0.2932,0.30129843950271606,0.4,0.38784876465797424,0.019904643297195435,-0.24741190671920776,False
10.620000000000001,0.2932,0.3013574779033661,0.4,0.3664143979549408,0.02171754278242588,-0.23454724252223969,False
10.64,0.2932,0.3016993999481201,0.4,0.36227115988731384,0.03793666139245033,-0.15799057483673096,False
10.66,0.2932,0.30209222435951233,0.4,0.36441922187805176,0.03648350387811661,-0.1459442526102066,False
10.68,0.2932,0.3022131025791168,0.4,0.37175050377845764,0.05025525391101837,-0.15924477577209473,False
10.700000000000001,0.2932,0.3018977642059326,0.4,0.3781246840953827,0.04768062382936478,-0.12946496903896332,False
10.72,0.2932,0.3013016879558563,0.4,0.38651567697525024,0.05689780414104462,-0.15713582932949066,False
10.74,0.2932,0.30048075318336487,0.4,0.3920767605304718,0.048903755843639374,-0.12855353951454163,False
10.76,0.2932,0.29955583810806274,0.4,0.4061996340751648,0.05803459510207176,-0.14711233973503113,False
10.78,0.2932,0.2985682189464569,0.4,0.4189918339252472,0.0434865802526474,-0.11502888798713684,False
10.8,0.2932,0.2977723777294159,0.4,0.4287097752094269,0.05401903763413429,-0.14268898963928223,False
10.82,0.2932,0.29693523049354553,0.4,0.44724124670028687,0.0395221933722496,-0.14410126209259033,False
10.84,0.2932,0.29677245020866394,0.4,0.439132422208786,0.0612458810210228,-0.13156436383724213,False
10.86,0.2932,0.29668447375297546,0.4,0.4278832972049713,0.043029818683862686,-0.0048067159950733185,False
10.88,0.2932,0.29647257924079895,0.4,0.39126500487327576,0.06427503377199173,0.04859745129942894,False
10.9,0.2932,0.29638513922691345,0.4,0.35064205527305603,0.044370781630277634,0.0756680965423584,False
10.92,0.2932,0.296649307012558,0.4,0.3451850414276123,0.06254708021879196,0.05491366237401962,False
10.94,0.2932,0.29712364077568054,0.4,0.341503769159317,0.05195843428373337,0.028997939079999924,False
10.96,0.2932,0.2977134883403778,0.4,0.3563690185546875,0.06716392934322357,0.005930133163928986,False
10.98,0.2932,0.2980850040912628,0.4,0.358446329832077,0.057734422385692596,0.07004517316818237,False
11.0,0.2932,0.2981557846069336,0.4,0.38304656744003296,0.06972306221723557,0.10422582924365997,False
11.02,0.2932,0.298092246055603,0.4,0.3977299928665161,0.055819667875766754,0.17162059247493744,False
11.040000000000001,0.2932,0.29786235094070435,0.4,0.435463011264801,0.06877407431602478,0.2254457026720047,False
11.06,0.2932,0.297961950302124,0.4,0.4448888599872589,0.04478103667497635,0.21045942604541779,False
11.08,0.2932,0.29805755615234375,0.4,0.47305917739868164,0.043384257704019547,0.17272715270519257,False
11.1,0.2932,0.29822272062301636,0.4,0.44817379117012024,0.031363990157842636,0.003679923713207245,False
11.120000000000001,0.2932,0.298240065574646,0.4,0.4137374758720398,0.046673305332660675,-0.07252472639083862,False
11.14,0.2932,0.29844608902931213,0.4,0.39842337369918823,0.05185382813215256,-0.06900860369205475,False
11.16,0.2932,0.29871582984924316,0.4,0.3932320773601532,0.06147652491927147,-0.054626479744911194,False
11.18,0.2932,0.2987988293170929,0.4,0.3945804536342621,0.06679292023181915,-0.07740504294633865,False
11.200000000000001,0.2932,0.29854321479797363,0.4,0.39347806572914124,0.0758529007434845,-0.0773482471704483,False
11.22,0.2932,0.29793551564216614,0.4,0.40040823817253113,0.0829070433974266,-0.14019723236560822,False
11.24,0.2932,0.29705432057380676,0.4,0.3991578221321106,0.09247421473264694,-0.12915153801441193,False
11.26,0.2932,0.2959980070590973,0.4,0.41308361291885376,0.09765130281448364,-0.1225474402308464,False
11.28,0.2932,0.2949756681919098,0.4,0.4162944257259369,0.10229399800300598,-0.07552199065685272,False
11.3,0.2932,0.2940007150173187,0.4,0.4371098577976227,0.10179029405117035,-0.02933746948838234,False
11.32,0.2932,0.2930746078491211,0.4,0.4402323365211487,0.10676945745944977,0.03465862572193146,False
11.34,0.2932,0.29255375266075134,0.4,0.4528568983078003,0.10795873403549194,-0.0151680214330554,False
11.36,0.2932,0.29236555099487305,0.4,0.4283849000930786,0.12592309713363647,0.038417208939790726,False
11.38,0.2932,0.29222971200942993,0.4,0.41129299998283386,0.12003424763679504,0.04024988412857056,False
11.4,0.2932,0.2913985550403595,0.4,0.3662067949771881,0.14096203446388245,-0.09883441030979156,False
11.42,0.2932,0.2908497154712677,0.4,0.346206933259964,0.11846531927585602,-0.02486259676516056,False
11.44,0.2932,0.2908509075641632,0.4,0.3470498025417328,0.13751304149627686,-0.0917133092880249,False
11.46,0.2932,0.29111436009407043,0.4,0.3563961088657379,0.12576362490653992,-0.06114718317985535,False
11.48,0.2932,0.2914344370365143,0.4,0.3703923225402832,0.14529851078987122,-0.0697043165564537,False
11.5,0.2932,0.29182398319244385,0.4,0.3896263837814331,0.12956324219703674,0.02951853536069393,False
11.52,0.2932,0.29226791858673096,0.4,0.42343589663505554,0.1471029371023178,0.08283914625644684,False
11.540000000000001,0.2932,0.2928568124771118,0.4,0.4542756676673889,0.13467803597450256,0.12147565931081772,False
11.56,0.2932,0.2939256727695465,0.4,0.4863164722919464,0.13663941621780396,0.17653417587280273,False
11.58,0.2932,0.29506736993789673,0.4,0.5073270797729492,0.12162657827138901,0.10576659440994263,False
11.6,0.2932,0.29570725560188293,0.4,0.4848734438419342,0.12353404611349106,0.018176322802901268,False
11.620000000000001,0.2932,0.29592058062553406,0.4,0.4609753489494324,0.12700502574443817,0.010047114454209805,False
11.64,0.2932,0.2962607741355896,0.4,0.4484044015407562,0.13687975704669952,0.019357940182089806,False
11.66,0.2932,0.29653188586235046,0.4,0.4406856298446655,0.13594967126846313,0.04652589187026024,False
11.68,0.2932,0.2964716851711273,0.4,0.43722543120384216,0.14546658098697662,0.025648586452007294,False
11.700000000000001,0.2932,0.29580751061439514,0.4,0.4356193244457245,0.14060401916503906,0.05978623405098915,False
11.72,0.2932,0.29485684633255005,0.4,0.4335024952888489,0.15474820137023926,0.05854734778404236,False
11.74,0.2932,0.2937028706073761,0.4,0.4386332333087921,0.14340274035930634,0.11716616898775101,False
11.76,0.2932,0.29266226291656494,0.4,0.43857541680336,0.1608971357345581,0.16133292019367218,False
11.78,0.2932,0.29153093695640564,0.4,0.450393944978714,0.14690671861171722,0.17228740453720093,False
11.8,0.2932,0.29043275117874146,0.4,0.45876672863960266,0.17307795584201813,0.2461601346731186,False
11.82,0.2932,0.2896358072757721,0.4,0.4514971077442169,0.15490029752254486,0.16512185335159302,False
11.84,0.2932,0.28851354122161865,0.4,0.42537447810173035,0.20073847472667694,0.0322984978556633,False
11.86,0.2932,0.28698885440826416,0.4,0.4141444265842438,0.14967702329158783,-0.0035321502946317196,False
11.88,0.2932,0.28644275665283203,0.4,0.39356428384780884,0.14271657168865204,0.050035007297992706,False
11.9,0.2932,0.28673577308654785,0.4,0.4004329741001129,0.12516939640045166,0.029965974390506744,False
11.92,0.2932,0.2876655161380768,0.4,0.4073267877101898,0.13788889348506927,0.03778175264596939,False
11.94,0.2932,0.288554847240448,0.4,0.4187639653682709,0.13070431351661682,0.08993270993232727,False
11.96,0.2932,0.2893340587615967,0.4,0.44740721583366394,0.1423736959695816,0.13758009672164917,False
11.98,0.2932,0.29032254219055176,0.4,0.4616411626338959,0.12055040895938873,0.19198662042617798,False
